Order_ID,Product_Name,Region,Sales_Manager,Quantity,Unit_Price,Discount,Sales,Order_Date
1,Headphones,South,Riya,2,2000,0.2,3200,2023-12-15
2,Smartphone,South,Riya,2,30000,0.1,54000,2024-11-06
3,Laptop,West,Neha,6,60000,0.14,309600,2025-02-04
4,Smartphone,South,Riya,5,30000,0.17,124500,2023-09-23
5,Mouse,East,Karan,2,800,0.04,1536,2025-03-03
6,Laptop,East,Karan,2,60000,0.09,109200,2024-01-01
7,Headphones,South,Riya,3,2000,0.19,4860,2025-01-07
8,Smartphone,South,Riya,15,30000,0.19,364500,2025-05-24
9,Headphones,East,Karan,10,2000,0.17,16600,2025-04-23
10,Monitor,East,Karan,15,15000,0.13,195750,2024-06-04
11,Monitor,South,Riya,7,15000,0.19,85050,2024-01-29
12,Laptop,North,Arjun,13,60000,0.17,647400,2024-05-24
13,Smartphone,North,Arjun,6,30000,0.17,149400,2025-02-22
14,Smartphone,South,Riya,17,30000,0.06,479400,2024-02-15
15,Keyboard,North,Arjun,11,1200,0.11,11748,2024-05-30
16,Mouse,South,Riya,14,800,0.03,10864,2024-12-20
17,Mouse,South,Riya,12,800,0.05,9120,2024-08-27
18,Monitor,North,Arjun,8,15000,0.18,98400,2024-05-29
19,Keyboard,West,Neha,7,1200,0.05,7980,2024-03-31
20,Keyboard,West,Neha,14,1200,0.11,14952,2025-02-16
21,Keyboard,East,Karan,1,1200,0.01,1188,2023-08-07
22,Mouse,North,Arjun,18,800,0.16,12096,2024-11-03
23,Smartphone,South,Riya,20,30000,0.16,504000,2025-04-13
24,Headphones,North,Arjun,1,2000,0.07,1860,2023-10-13
25,Headphones,North,Arjun,6,2000,0.06,11280,2024-03-23
26,Smartphone,West,Neha,10,30000,0.2,240000,2025-02-26
27,Headphones,South,Riya,14,2000,0.15,23800,2024-01-28
28,Headphones,West,Neha,11,2000,0.07,20460,2023-12-25
29,Keyboard,North,Arjun,5,1200,0.18,4920,2023-12-09
30,Mouse,East,Karan,4,800,0.19,2592,2023-11-04
31,Mouse,North,Arjun,10,800,0.12,7040,2024-11-29
32,Mouse,West,Neha,13,800,0.14,8944,2024-07-26
33,Mouse,East,Karan,14,800,0.02,10976,2024-10-17
34,Laptop,South,Riya,18,60000,0.05,1026000,2024-03-26
35,Laptop,North,Arjun,1,60000,0.02,58800,2024-10-25
36,Monitor,East,Karan,4,15000,0.07,55800,2025-06-01
37,Smartphone,East,Karan,20,30000,0.14,516000,2025-02-07
38,Headphones,East,Karan,20,2000,0.19,32400,2025-04-30
39,Headphones,East,Karan,8,2000,0.1,14400,2024-04-26
40,Laptop,North,Arjun,17,60000,0.04,979200,2025-04-18
41,Smartphone,South,Riya,13,30000,0.15,331500,2023-10-10
42,Monitor,North,Arjun,9,15000,0.1,121500,2023-08-23
43,Laptop,South,Riya,8,60000,0.16,403200,2025-03-23
44,Monitor,East,Karan,18,15000,0.14,232200,2024-08-04
45,Smartphone,East,Karan,4,30000,0.01,118800,2025-04-28
46,Headphones,East,Karan,13,2000,0.07,24180,2024-03-18
47,Mouse,South,Riya,11,800,0.04,8448,2023-09-02
48,Headphones,West,Neha,12,2000,0.06,22560,2024-11-14
49,Mouse,West,Neha,2,800,0,1600,2025-02-23
50,Monitor,East,Karan,13,15000,0.14,167700,2024-09-25
51,Laptop,East,Karan,5,60000,0.11,267000,2024-12-15
52,Headphones,East,Karan,11,2000,0.14,18920,2025-01-15
53,Smartphone,North,Arjun,12,30000,0.05,342000,2024-06-18
54,Smartphone,South,Riya,1,30000,0.01,29700,2024-10-12
55,Mouse,South,Riya,17,800,0.15,11560,2024-04-03
56,Mouse,East,Karan,10,800,0.13,6960,2023-08-30
57,Monitor,East,Karan,1,15000,0.05,14250,2023-09-28
58,Headphones,West,Neha,3,2000,0.16,5040,2024-01-30
59,Smartphone,South,Riya,8,30000,0.1,216000,2024-07-22
60,Laptop,East,Karan,5,60000,0.08,276000,2025-06-29
61,Smartphone,South,Riya,8,30000,0.13,208800,2024-06-14
62,Laptop,South,Riya,5,60000,0.06,282000,2023-07-19
63,Smartphone,South,Riya,11,30000,0.06,310200,2025-02-27
64,Laptop,East,Karan,12,60000,0.03,698400,2025-06-26
65,Smartphone,North,Arjun,19,30000,0.01,564300,2024-04-16
66,Smartphone,West,Neha,15,30000,0.19,364500,2025-05-05
67,Mouse,East,Karan,5,800,0.06,3760,2024-12-13
68,Mouse,West,Neha,9,800,0.06,6768,2024-11-10
69,Laptop,South,Riya,6,60000,0.15,306000,2024-11-05
70,Monitor,West,Neha,16,15000,0.09,218400,2024-11-19
71,Headphones,North,Arjun,19,2000,0.1,34200,2024-11-16
72,Smartphone,West,Neha,15,30000,0.1,405000,2025-05-05
73,Keyboard,East,Karan,11,1200,0.08,12144,2024-03-13
74,Smartphone,South,Riya,14,30000,0.19,340200,2025-04-20
75,Laptop,West,Neha,2,60000,0.19,97200,2023-10-12
76,Smartphone,South,Riya,10,30000,0.12,264000,2024-02-09
77,Smartphone,East,Karan,8,30000,0.17,199200,2023-10-05
78,Laptop,East,Karan,10,60000,0.04,576000,2025-03-06
79,Laptop,South,Riya,13,60000,0.2,624000,2025-03-29
80,Mouse,South,Riya,13,800,0.14,8944,2024-12-10
81,Smartphone,North,Arjun,1,30000,0,30000,2024-01-16
82,Monitor,East,Karan,18,15000,0.12,237600,2024-09-09
83,Keyboard,East,Karan,16,1200,0.03,18624,2024-01-22
84,Keyboard,West,Neha,8,1200,0.12,8448,2023-09-10
85,Mouse,South,Riya,17,800,0.16,11424,2025-03-17
86,Smartphone,West,Neha,15,30000,0.1,405000,2024-09-23
87,Smartphone,East,Karan,1,30000,0.03,29100,2025-06-17
88,Monitor,West,Neha,1,15000,0.05,14250,2024-01-19
89,Headphones,South,Riya,2,2000,0.16,3360,2024-07-21
90,Keyboard,South,Riya,2,1200,0.07,2232,2023-08-28
91,Laptop,North,Arjun,2,60000,0.2,96000,2025-05-29
92,Headphones,South,Riya,13,2000,0.13,22620,2025-01-07
93,Keyboard,East,Karan,10,1200,0.02,11760,2025-01-15
94,Keyboard,East,Karan,17,1200,0.15,17340,2023-12-16
95,Mouse,East,Karan,8,800,0.15,5440,2024-10-24
96,Headphones,South,Riya,5,2000,0.12,8800,2024-12-30
97,Smartphone,North,Arjun,11,30000,0.11,293700,2025-04-06
98,Headphones,South,Riya,16,2000,0.15,27200,2025-03-29
99,Headphones,West,Neha,3,2000,0.19,4860,2024-10-30
100,Mouse,West,Neha,1,800,0.06,752,2023-10-12
101,Laptop,South,Riya,10,60000,0.07,558000,2024-09-27
102,Keyboard,West,Neha,9,1200,0.15,9180,2023-12-20
103,Keyboard,South,Riya,17,1200,0.09,18564,2024-01-24
104,Keyboard,South,Riya,9,1200,0.08,9936,2023-11-29
105,Mouse,East,Karan,11,800,0.03,8536,2025-01-15
106,Smartphone,East,Karan,20,30000,0.08,552000,2025-01-29
107,Smartphone,North,Arjun,4,30000,0.04,115200,2024-02-02
108,Smartphone,East,Karan,16,30000,0.15,408000,2023-09-02
109,Keyboard,West,Neha,18,1200,0.12,19008,2024-04-04
110,Headphones,East,Karan,18,2000,0.18,29520,2024-06-18
111,Smartphone,North,Arjun,17,30000,0.17,423300,2023-11-29
112,Monitor,North,Arjun,19,15000,0.06,267900,2023-09-06
113,Smartphone,North,Arjun,11,30000,0.2,264000,2023-12-09
114,Keyboard,West,Neha,18,1200,0.03,20952,2024-12-09
115,Keyboard,East,Karan,1,1200,0.19,972,2024-01-13
116,Monitor,East,Karan,15,15000,0.17,186750,2024-06-30
117,Monitor,East,Karan,14,15000,0.14,180600,2025-01-20
118,Mouse,West,Neha,4,800,0.1,2880,2025-05-28
119,Laptop,East,Karan,4,60000,0.04,230400,2024-11-07
120,Smartphone,North,Arjun,20,30000,0.17,498000,2025-02-14
121,Laptop,West,Neha,10,60000,0.09,546000,2024-04-30
122,Keyboard,East,Karan,17,1200,0.19,16524,2024-08-26
123,Headphones,East,Karan,7,2000,0.1,12600,2025-03-19
124,Mouse,East,Karan,10,800,0.04,7680,2023-07-05
125,Laptop,East,Karan,13,60000,0.11,694200,2023-10-19
126,Monitor,South,Riya,13,15000,0.14,167700,2024-05-20
127,Laptop,North,Arjun,14,60000,0.18,688800,2024-03-25
128,Keyboard,South,Riya,5,1200,0.07,5580,2023-07-24
129,Mouse,West,Neha,5,800,0.11,3560,2024-12-25
130,Headphones,East,Karan,15,2000,0.1,27000,2023-12-01
131,Laptop,North,Arjun,6,60000,0.08,331200,2023-11-04
132,Laptop,South,Riya,9,60000,0.18,442800,2024-11-17
133,Laptop,North,Arjun,17,60000,0.14,877200,2024-02-25
134,Headphones,West,Neha,15,2000,0.09,27300,2024-12-20
135,Keyboard,South,Riya,3,1200,0.1,3240,2024-04-11
136,Headphones,South,Riya,16,2000,0.16,26880,2024-03-18
137,Headphones,West,Neha,3,2000,0.18,4920,2023-12-13
138,Keyboard,North,Arjun,2,1200,0.09,2184,2024-11-15
139,Keyboard,West,Neha,8,1200,0,9600,2024-07-01
140,Keyboard,West,Neha,2,1200,0.08,2208,2024-02-18
141,Headphones,West,Neha,13,2000,0.19,21060,2024-03-03
142,Mouse,West,Neha,7,800,0.15,4760,2024-11-21
143,Laptop,South,Riya,20,60000,0.14,1032000,2024-06-27
144,Mouse,East,Karan,8,800,0.02,6272,2024-11-29
145,Keyboard,East,Karan,18,1200,0.13,18792,2025-04-21
146,Laptop,South,Riya,15,60000,0.15,765000,2025-06-24
147,Laptop,North,Arjun,7,60000,0.02,411600,2025-04-29
148,Smartphone,West,Neha,6,30000,0.05,171000,2023-08-05
149,Headphones,South,Riya,9,2000,0.14,15480,2024-05-01
150,Mouse,North,Arjun,14,800,0.14,9632,2024-12-08
151,Monitor,West,Neha,16,15000,0.09,218400,2024-04-22
152,Laptop,North,Arjun,13,60000,0.04,748800,2025-06-20
153,Monitor,East,Karan,5,15000,0.05,71250,2025-02-09
154,Headphones,South,Riya,3,2000,0.09,5460,2025-06-28
155,Monitor,North,Arjun,19,15000,0.18,233700,2024-07-06
156,Laptop,North,Arjun,5,60000,0.05,285000,2024-04-03
157,Mouse,West,Neha,7,800,0.04,5376,2024-08-22
158,Smartphone,West,Neha,2,30000,0,60000,2024-06-16
159,Keyboard,West,Neha,15,1200,0.11,16020,2025-02-22
160,Headphones,South,Riya,19,2000,0.03,36860,2024-12-07
161,Headphones,West,Neha,9,2000,0,18000,2025-04-24
162,Headphones,West,Neha,17,2000,0.08,31280,2025-06-23
163,Monitor,North,Arjun,9,15000,0.2,108000,2024-09-21
164,Keyboard,South,Riya,12,1200,0.12,12672,2024-12-26
165,Smartphone,West,Neha,15,30000,0.16,378000,2024-11-29
166,Smartphone,North,Arjun,16,30000,0.13,417600,2025-06-17
167,Mouse,East,Karan,3,800,0.19,1944,2025-05-14
168,Headphones,East,Karan,16,2000,0.02,31360,2024-10-01
169,Smartphone,West,Neha,5,30000,0.17,124500,2024-06-08
170,Monitor,East,Karan,12,15000,0.18,147600,2024-07-29
171,Mouse,East,Karan,18,800,0.19,11664,2024-05-23
172,Smartphone,North,Arjun,18,30000,0.08,496800,2023-11-23
173,Keyboard,North,Arjun,5,1200,0.03,5820,2023-09-20
174,Laptop,East,Karan,14,60000,0.03,814800,2024-10-21
175,Headphones,West,Neha,7,2000,0.2,11200,2024-04-11
176,Headphones,West,Neha,5,2000,0.06,9400,2024-01-16
177,Monitor,West,Neha,16,15000,0.1,216000,2024-08-21
178,Keyboard,South,Riya,2,1200,0.17,1992,2025-01-03
179,Headphones,North,Arjun,10,2000,0.14,17200,2023-11-23
180,Keyboard,West,Neha,4,1200,0.04,4608,2024-04-06
181,Mouse,East,Karan,15,800,0.08,11040,2023-10-14
182,Monitor,North,Arjun,10,15000,0.2,120000,2024-03-30
183,Laptop,West,Neha,19,60000,0.06,1071600,2023-07-03
184,Headphones,North,Arjun,1,2000,0.04,1920,2024-01-07
185,Smartphone,East,Karan,8,30000,0.02,235200,2025-06-22
186,Headphones,South,Riya,17,2000,0.06,31960,2025-04-14
187,Mouse,North,Arjun,18,800,0.05,13680,2024-12-03
188,Keyboard,South,Riya,13,1200,0.13,13572,2024-06-30
189,Monitor,West,Neha,3,15000,0.2,36000,2024-12-04
190,Headphones,West,Neha,15,2000,0.13,26100,2024-04-23
191,Laptop,North,Arjun,1,60000,0.12,52800,2023-08-29
192,Keyboard,East,Karan,17,1200,0.2,16320,2025-03-23
193,Mouse,West,Neha,13,800,0.08,9568,2024-08-25
194,Monitor,South,Riya,19,15000,0.15,242250,2023-12-12
195,Smartphone,South,Riya,19,30000,0.14,490200,2025-03-18
196,Monitor,North,Arjun,8,15000,0.19,97200,2025-05-23
197,Mouse,South,Riya,2,800,0.1,1440,2024-12-22
198,Monitor,East,Karan,20,15000,0.12,264000,2024-03-01
199,Laptop,West,Neha,10,60000,0.07,558000,2025-01-17
200,Monitor,West,Neha,4,15000,0.13,52200,2024-11-13
201,Mouse,West,Neha,9,800,0.07,6696,2024-05-22
202,Smartphone,East,Karan,2,30000,0.05,57000,2024-09-27
203,Keyboard,East,Karan,1,1200,0.18,984,2024-02-26
204,Mouse,West,Neha,9,800,0.1,6480,2024-03-09
205,Keyboard,East,Karan,5,1200,0.02,5880,2023-09-10
206,Laptop,West,Neha,4,60000,0.15,204000,2024-12-19
207,Monitor,North,Arjun,3,15000,0.19,36450,2024-04-30
208,Keyboard,North,Arjun,20,1200,0.07,22320,2024-12-16
209,Laptop,North,Arjun,16,60000,0.02,940800,2025-02-02
210,Headphones,North,Arjun,18,2000,0.17,29880,2023-08-24
211,Keyboard,East,Karan,15,1200,0.05,17100,2024-10-13
212,Mouse,East,Karan,2,800,0.16,1344,2025-01-02
213,Mouse,North,Arjun,12,800,0.04,9216,2023-10-11
214,Mouse,East,Karan,8,800,0.04,6144,2024-07-02
215,Monitor,West,Neha,13,15000,0.09,177450,2024-03-02
216,Laptop,North,Arjun,20,60000,0.14,1032000,2023-07-09
217,Smartphone,West,Neha,7,30000,0.07,195300,2024-01-30
218,Laptop,East,Karan,16,60000,0.1,864000,2025-06-18
219,Smartphone,West,Neha,1,30000,0.19,24300,2023-11-29
220,Smartphone,West,Neha,19,30000,0.11,507300,2024-01-30
221,Mouse,East,Karan,19,800,0.1,13680,2025-06-19
222,Headphones,North,Arjun,17,2000,0.16,28560,2025-03-15
223,Smartphone,East,Karan,8,30000,0.04,230400,2024-09-15
224,Smartphone,West,Neha,7,30000,0.13,182700,2024-12-12
225,Keyboard,West,Neha,11,1200,0.05,12540,2023-07-16
226,Keyboard,South,Riya,10,1200,0.13,10440,2024-06-20
227,Keyboard,West,Neha,6,1200,0.06,6768,2025-01-06
228,Headphones,South,Riya,9,2000,0.12,15840,2024-11-03
229,Laptop,North,Arjun,15,60000,0.1,810000,2024-05-17
230,Mouse,North,Arjun,9,800,0.01,7128,2025-06-24
231,Headphones,East,Karan,6,2000,0.16,10080,2024-09-24
232,Mouse,West,Neha,10,800,0.19,6480,2025-05-13
233,Monitor,South,Riya,9,15000,0.03,130950,2023-07-08
234,Mouse,North,Arjun,8,800,0.18,5248,2024-01-30
235,Headphones,South,Riya,16,2000,0.18,26240,2025-01-19
236,Monitor,North,Arjun,16,15000,0.02,235200,2023-08-01
237,Monitor,East,Karan,14,15000,0.13,182700,2024-01-07
238,Headphones,North,Arjun,9,2000,0.1,16200,2023-09-01
239,Smartphone,West,Neha,20,30000,0.06,564000,2024-12-01
240,Laptop,South,Riya,7,60000,0.12,369600,2023-07-23
241,Laptop,North,Arjun,20,60000,0.06,1128000,2024-08-24
242,Headphones,East,Karan,19,2000,0.03,36860,2024-10-02
243,Monitor,West,Neha,3,15000,0.07,41850,2023-11-30
244,Laptop,East,Karan,5,60000,0,300000,2025-03-29
245,Keyboard,North,Arjun,17,1200,0.09,18564,2025-03-07
246,Laptop,North,Arjun,14,60000,0.11,747600,2023-08-18
247,Monitor,West,Neha,19,15000,0.01,282150,2023-08-05
248,Laptop,South,Riya,12,60000,0.11,640800,2024-06-20
249,Monitor,South,Riya,10,15000,0.17,124500,2023-09-23
250,Keyboard,West,Neha,11,1200,0.11,11748,2023-12-01
251,Mouse,North,Arjun,14,800,0.06,10528,2023-10-06
252,Headphones,South,Riya,7,2000,0.18,11480,2023-10-31
253,Keyboard,North,Arjun,8,1200,0.04,9216,2024-08-14
254,Monitor,West,Neha,9,15000,0.11,120150,2024-03-12
255,Laptop,East,Karan,15,60000,0.05,855000,2023-10-19
256,Headphones,South,Riya,9,2000,0.18,14760,2024-04-06
257,Smartphone,West,Neha,15,30000,0.05,427500,2025-02-20
258,Monitor,East,Karan,19,15000,0.14,245100,2023-07-20
259,Keyboard,West,Neha,8,1200,0.13,8352,2024-06-30
260,Monitor,South,Riya,2,15000,0,30000,2023-09-03
261,Headphones,East,Karan,9,2000,0.05,17100,2025-06-29
262,Smartphone,East,Karan,17,30000,0.03,494700,2025-04-22
263,Mouse,West,Neha,14,800,0.1,10080,2023-08-07
264,Headphones,South,Riya,18,2000,0.02,35280,2023-11-12
265,Mouse,North,Arjun,19,800,0.08,13984,2024-09-19
266,Monitor,North,Arjun,19,15000,0.11,253650,2023-09-11
267,Keyboard,North,Arjun,11,1200,0.1,11880,2024-05-16
268,Keyboard,South,Riya,5,1200,0.07,5580,2024-07-31
269,Headphones,South,Riya,6,2000,0.11,10680,2025-02-22
270,Keyboard,North,Arjun,12,1200,0.09,13104,2023-07-09
271,Mouse,South,Riya,2,800,0.12,1408,2025-03-21
272,Monitor,North,Arjun,13,15000,0,195000,2024-08-13
273,Laptop,East,Karan,18,60000,0.03,1047600,2023-07-07
274,Headphones,East,Karan,9,2000,0.11,16020,2023-12-13
275,Monitor,North,Arjun,2,15000,0.14,25800,2024-12-23
276,Mouse,East,Karan,11,800,0.09,8008,2024-10-05
277,Laptop,North,Arjun,4,60000,0.07,223200,2024-09-14
278,Headphones,East,Karan,12,2000,0.09,21840,2024-12-02
279,Keyboard,East,Karan,19,1200,0.15,19380,2024-03-25
280,Monitor,North,Arjun,2,15000,0.16,25200,2024-11-06
281,Monitor,West,Neha,18,15000,0.03,261900,2025-01-17
282,Mouse,West,Neha,12,800,0.05,9120,2024-10-18
283,Monitor,East,Karan,5,15000,0.19,60750,2023-08-09
284,Monitor,North,Arjun,7,15000,0.16,88200,2023-12-10
285,Laptop,South,Riya,2,60000,0.13,104400,2024-03-22
286,Smartphone,South,Riya,2,30000,0.1,54000,2024-07-23
287,Laptop,East,Karan,20,60000,0.09,1092000,2024-10-21
288,Headphones,East,Karan,18,2000,0.07,33480,2024-08-25
289,Laptop,South,Riya,12,60000,0.06,676800,2024-03-17
290,Monitor,East,Karan,5,15000,0.16,63000,2024-09-29
291,Mouse,North,Arjun,13,800,0.09,9464,2024-01-09
292,Laptop,South,Riya,19,60000,0.2,912000,2023-07-08
293,Headphones,South,Riya,2,2000,0.15,3400,2024-08-24
294,Laptop,South,Riya,18,60000,0.09,982800,2024-03-12
295,Keyboard,North,Arjun,7,1200,0.1,7560,2024-05-06
296,Headphones,South,Riya,16,2000,0.15,27200,2025-01-19
297,Headphones,South,Riya,5,2000,0.02,9800,2025-03-27
298,Headphones,West,Neha,10,2000,0.02,19600,2024-02-14
299,Keyboard,East,Karan,10,1200,0.18,9840,2023-07-19
300,Mouse,East,Karan,13,800,0.08,9568,2025-05-02
301,Headphones,South,Riya,11,2000,0.09,20020,2024-02-02
302,Monitor,East,Karan,14,15000,0.18,172200,2025-04-05
303,Smartphone,East,Karan,9,30000,0.02,264600,2024-10-17
304,Headphones,North,Arjun,4,2000,0.04,7680,2024-07-14
305,Headphones,South,Riya,19,2000,0.02,37240,2023-12-05
306,Laptop,South,Riya,15,60000,0.19,729000,2023-10-22
307,Keyboard,East,Karan,17,1200,0.16,17136,2023-08-12
308,Mouse,North,Arjun,19,800,0.11,13528,2024-04-08
309,Keyboard,North,Arjun,6,1200,0.15,6120,2024-12-21
310,Keyboard,West,Neha,13,1200,0.14,13416,2024-06-17
311,Monitor,South,Riya,18,15000,0.19,218700,2025-02-23
312,Mouse,North,Arjun,7,800,0.06,5264,2024-10-06
313,Keyboard,North,Arjun,9,1200,0.11,9612,2024-10-03
314,Keyboard,North,Arjun,20,1200,0.08,22080,2024-07-09
315,Headphones,North,Arjun,4,2000,0.12,7040,2024-09-02
316,Headphones,West,Neha,2,2000,0.13,3480,2024-02-24
317,Keyboard,West,Neha,15,1200,0.11,16020,2024-07-04
318,Headphones,South,Riya,18,2000,0.05,34200,2024-05-17
319,Mouse,East,Karan,6,800,0.09,4368,2025-01-05
320,Mouse,East,Karan,8,800,0.14,5504,2023-12-01
321,Laptop,West,Neha,3,60000,0.03,174600,2023-12-26
322,Monitor,North,Arjun,4,15000,0.07,55800,2025-06-27
323,Monitor,East,Karan,4,15000,0.04,57600,2024-11-14
324,Keyboard,West,Neha,2,1200,0.19,1944,2025-03-21
325,Headphones,West,Neha,5,2000,0.14,8600,2024-02-04
326,Smartphone,North,Arjun,18,30000,0.07,502200,2025-04-05
327,Laptop,South,Riya,4,60000,0.04,230400,2023-09-13
328,Keyboard,East,Karan,20,1200,0.15,20400,2025-01-24
329,Headphones,North,Arjun,1,2000,0.06,1880,2024-03-15
330,Smartphone,South,Riya,4,30000,0.07,111600,2024-09-22
331,Keyboard,North,Arjun,1,1200,0.13,1044,2024-02-23
332,Smartphone,South,Riya,4,30000,0.11,106800,2023-07-17
333,Headphones,East,Karan,2,2000,0.03,3880,2023-09-07
334,Smartphone,East,Karan,4,30000,0.1,108000,2025-03-28
335,Laptop,East,Karan,12,60000,0.03,698400,2024-12-21
336,Keyboard,East,Karan,5,1200,0.18,4920,2024-04-04
337,Mouse,East,Karan,14,800,0.18,9184,2024-05-13
338,Laptop,South,Riya,15,60000,0.19,729000,2024-07-20
339,Monitor,East,Karan,5,15000,0.09,68250,2024-01-03
340,Keyboard,South,Riya,8,1200,0.05,9120,2025-01-16
341,Monitor,South,Riya,18,15000,0.07,251100,2024-10-27
342,Keyboard,West,Neha,14,1200,0.13,14616,2024-10-21
343,Headphones,West,Neha,3,2000,0.12,5280,2023-10-20
344,Keyboard,East,Karan,16,1200,0.11,17088,2025-04-29
345,Smartphone,West,Neha,9,30000,0.15,229500,2024-10-10
346,Smartphone,South,Riya,4,30000,0.18,98400,2024-11-16
347,Headphones,South,Riya,10,2000,0.19,16200,2023-09-01
348,Headphones,South,Riya,13,2000,0.16,21840,2024-07-13
349,Mouse,West,Neha,5,800,0.16,3360,2024-05-12
350,Headphones,West,Neha,1,2000,0.06,1880,2023-08-31
351,Headphones,West,Neha,3,2000,0.15,5100,2023-09-06
352,Headphones,West,Neha,3,2000,0.08,5520,2025-02-21
353,Headphones,North,Arjun,20,2000,0.11,35600,2024-06-24
354,Mouse,North,Arjun,8,800,0.17,5312,2023-12-25
355,Laptop,West,Neha,5,60000,0,300000,2023-10-26
356,Laptop,East,Karan,5,60000,0.08,276000,2024-11-01
357,Laptop,North,Arjun,3,60000,0.08,165600,2025-05-02
358,Headphones,North,Arjun,8,2000,0.2,12800,2024-06-15
359,Laptop,East,Karan,12,60000,0.01,712800,2023-09-21
360,Headphones,West,Neha,15,2000,0.01,29700,2025-01-01
361,Smartphone,East,Karan,2,30000,0.03,58200,2023-12-16
362,Mouse,North,Arjun,13,800,0.08,9568,2024-02-08
363,Laptop,South,Riya,1,60000,0.02,58800,2024-11-04
364,Monitor,South,Riya,1,15000,0.03,14550,2024-09-19
365,Smartphone,West,Neha,11,30000,0.07,306900,2023-10-02
366,Monitor,West,Neha,14,15000,0.04,201600,2025-04-20
367,Laptop,South,Riya,17,60000,0.05,969000,2024-02-25
368,Mouse,North,Arjun,19,800,0.16,12768,2024-01-11
369,Keyboard,West,Neha,4,1200,0.02,4704,2024-03-28
370,Laptop,East,Karan,12,60000,0.16,604800,2024-04-14
371,Keyboard,South,Riya,10,1200,0.08,11040,2025-01-23
372,Headphones,West,Neha,4,2000,0.02,7840,2024-03-26
373,Laptop,South,Riya,5,60000,0.11,267000,2023-08-09
374,Smartphone,North,Arjun,15,30000,0.06,423000,2025-05-22
375,Monitor,North,Arjun,4,15000,0.06,56400,2023-08-06
376,Laptop,East,Karan,20,60000,0.04,1152000,2024-01-13
377,Headphones,North,Arjun,3,2000,0.02,5880,2024-01-15
378,Mouse,West,Neha,9,800,0.14,6192,2023-10-04
379,Headphones,West,Neha,2,2000,0.09,3640,2024-10-12
380,Mouse,South,Riya,9,800,0.02,7056,2024-05-23
381,Headphones,South,Riya,4,2000,0.04,7680,2024-06-04
382,Headphones,West,Neha,1,2000,0.15,1700,2024-04-10
383,Keyboard,South,Riya,9,1200,0.11,9612,2025-03-21
384,Headphones,North,Arjun,19,2000,0.17,31540,2025-06-19
385,Smartphone,South,Riya,14,30000,0.18,344400,2023-09-03
386,Monitor,West,Neha,7,15000,0.07,97650,2023-09-05
387,Headphones,West,Neha,3,2000,0.18,4920,2024-09-09
388,Keyboard,West,Neha,17,1200,0.01,20196,2024-07-04
389,Smartphone,West,Neha,10,30000,0.1,270000,2024-03-13
390,Mouse,South,Riya,8,800,0.18,5248,2025-02-07
391,Smartphone,South,Riya,16,30000,0.12,422400,2024-05-21
392,Mouse,West,Neha,16,800,0.02,12544,2024-10-05
393,Keyboard,East,Karan,4,1200,0.04,4608,2025-03-16
394,Keyboard,East,Karan,8,1200,0.01,9504,2024-03-20
395,Keyboard,East,Karan,14,1200,0.04,16128,2025-06-22
396,Headphones,West,Neha,9,2000,0.1,16200,2024-10-23
397,Smartphone,South,Riya,10,30000,0.07,279000,2023-08-03
398,Monitor,West,Neha,19,15000,0.08,262200,2024-12-22
399,Keyboard,North,Arjun,5,1200,0.13,5220,2024-01-23
400,Laptop,North,Arjun,5,60000,0.15,255000,2024-03-04
401,Monitor,South,Riya,10,15000,0.16,126000,2023-08-17
402,Keyboard,South,Riya,19,1200,0.09,20748,2024-04-21
403,Mouse,East,Karan,19,800,0.08,13984,2024-03-27
404,Smartphone,South,Riya,13,30000,0.09,354900,2024-01-01
405,Headphones,West,Neha,15,2000,0.03,29100,2024-01-17
406,Monitor,North,Arjun,17,15000,0,255000,2024-09-27
407,Monitor,North,Arjun,14,15000,0,210000,2023-11-23
408,Headphones,South,Riya,8,2000,0.17,13280,2023-08-25
409,Headphones,East,Karan,5,2000,0.01,9900,2024-08-04
410,Mouse,South,Riya,18,800,0.16,12096,2025-01-29
411,Mouse,South,Riya,18,800,0.15,12240,2025-06-19
412,Keyboard,East,Karan,14,1200,0.05,15960,2024-03-13
413,Keyboard,East,Karan,7,1200,0.05,7980,2025-06-10
414,Keyboard,East,Karan,5,1200,0.15,5100,2025-03-14
415,Monitor,South,Riya,14,15000,0.16,176400,2024-12-02
416,Monitor,East,Karan,8,15000,0.16,100800,2023-07-19
417,Headphones,North,Arjun,4,2000,0.2,6400,2024-01-17
418,Headphones,South,Riya,7,2000,0.02,13720,2025-01-26
419,Smartphone,East,Karan,1,30000,0.03,29100,2024-01-08
420,Monitor,East,Karan,8,15000,0.03,116400,2025-02-20
421,Keyboard,South,Riya,14,1200,0.15,14280,2025-03-09
422,Mouse,West,Neha,1,800,0.05,760,2023-07-27
423,Mouse,North,Arjun,19,800,0.02,14896,2024-09-23
424,Smartphone,South,Riya,15,30000,0.2,360000,2024-01-17
425,Headphones,North,Arjun,1,2000,0.14,1720,2023-10-08
426,Mouse,West,Neha,15,800,0.17,9960,2023-11-13
427,Laptop,South,Riya,10,60000,0.11,534000,2024-01-20
428,Smartphone,North,Arjun,8,30000,0.15,204000,2024-02-29
429,Monitor,North,Arjun,11,15000,0.17,136950,2025-04-26
430,Smartphone,South,Riya,18,30000,0.12,475200,2025-05-09
431,Smartphone,East,Karan,4,30000,0.13,104400,2024-01-26
432,Laptop,South,Riya,7,60000,0.08,386400,2023-12-18
433,Mouse,East,Karan,18,800,0.17,11952,2025-03-10
434,Monitor,North,Arjun,10,15000,0.05,142500,2023-08-29
435,Mouse,West,Neha,5,800,0.08,3680,2025-04-14
436,Smartphone,East,Karan,13,30000,0.06,366600,2024-03-31
437,Keyboard,West,Neha,15,1200,0.07,16740,2024-11-13
438,Headphones,North,Arjun,2,2000,0.11,3560,2024-12-16
439,Monitor,West,Neha,20,15000,0.17,249000,2023-08-06
440,Mouse,North,Arjun,4,800,0.14,2752,2024-01-03
441,Keyboard,South,Riya,3,1200,0.15,3060,2024-01-29
442,Laptop,South,Riya,9,60000,0.05,513000,2024-08-31
443,Laptop,South,Riya,20,60000,0.13,1044000,2023-09-17
444,Monitor,East,Karan,3,15000,0.15,38250,2023-09-16
445,Smartphone,North,Arjun,9,30000,0.15,229500,2024-05-10
446,Smartphone,North,Arjun,12,30000,0.11,320400,2024-12-26
447,Mouse,East,Karan,14,800,0.06,10528,2024-12-23
448,Smartphone,South,Riya,10,30000,0.1,270000,2024-07-28
449,Laptop,South,Riya,17,60000,0.13,887400,2024-12-15
450,Mouse,North,Arjun,16,800,0,12800,2024-12-05
451,Smartphone,North,Arjun,12,30000,0.01,356400,2023-11-27
452,Mouse,West,Neha,5,800,0.02,3920,2024-07-26
453,Laptop,North,Arjun,9,60000,0.17,448200,2025-02-07
454,Mouse,West,Neha,20,800,0.16,13440,2023-08-21
455,Smartphone,South,Riya,13,30000,0.15,331500,2025-06-04
456,Keyboard,East,Karan,18,1200,0.19,17496,2023-09-19
457,Laptop,North,Arjun,6,60000,0.16,302400,2024-12-11
458,Laptop,West,Neha,10,60000,0.2,480000,2024-12-01
459,Headphones,West,Neha,20,2000,0.18,32800,2024-01-15
460,Laptop,South,Riya,16,60000,0.14,825600,2025-05-02
461,Headphones,West,Neha,19,2000,0.16,31920,2024-09-10
462,Smartphone,West,Neha,3,30000,0.13,78300,2023-10-17
463,Headphones,East,Karan,19,2000,0.03,36860,2024-11-08
464,Keyboard,North,Arjun,7,1200,0.19,6804,2024-08-04
465,Keyboard,West,Neha,1,1200,0.07,1116,2025-06-27
466,Headphones,West,Neha,10,2000,0.03,19400,2023-12-10
467,Smartphone,West,Neha,16,30000,0.11,427200,2024-10-08
468,Keyboard,South,Riya,7,1200,0.09,7644,2024-04-16
469,Keyboard,West,Neha,1,1200,0.04,1152,2025-03-17
470,Laptop,West,Neha,5,60000,0,300000,2025-02-07
471,Monitor,South,Riya,20,15000,0.02,294000,2023-12-17
472,Keyboard,South,Riya,3,1200,0.1,3240,2024-09-27
473,Smartphone,East,Karan,3,30000,0.06,84600,2025-05-06
474,Laptop,South,Riya,5,60000,0.18,246000,2024-10-03
475,Smartphone,West,Neha,7,30000,0.04,201600,2023-11-19
476,Headphones,East,Karan,20,2000,0.03,38800,2023-12-04
477,Smartphone,South,Riya,5,30000,0.18,123000,2024-02-02
478,Monitor,South,Riya,18,15000,0.07,251100,2023-07-09
479,Headphones,East,Karan,20,2000,0.05,38000,2023-07-24
480,Mouse,East,Karan,20,800,0.07,14880,2024-11-27
481,Headphones,South,Riya,11,2000,0.16,18480,2023-07-24
482,Headphones,East,Karan,13,2000,0.01,25740,2023-12-29
483,Laptop,East,Karan,7,60000,0.06,394800,2025-02-03
484,Keyboard,North,Arjun,9,1200,0.16,9072,2024-04-06
485,Monitor,East,Karan,11,15000,0.04,158400,2024-08-24
486,Monitor,East,Karan,1,15000,0.1,13500,2024-10-05
487,Headphones,West,Neha,20,2000,0.05,38000,2024-04-12
488,Smartphone,North,Arjun,2,30000,0.01,59400,2024-08-03
489,Smartphone,North,Arjun,5,30000,0.04,144000,2024-05-20
490,Smartphone,North,Arjun,20,30000,0.19,486000,2023-11-02
491,Smartphone,West,Neha,18,30000,0.16,453600,2024-11-13
492,Keyboard,East,Karan,14,1200,0.15,14280,2023-09-23
493,Smartphone,North,Arjun,10,30000,0.07,279000,2023-09-02
494,Laptop,North,Arjun,6,60000,0.08,331200,2025-04-26
495,Mouse,North,Arjun,19,800,0.08,13984,2024-01-24
496,Laptop,West,Neha,11,60000,0.03,640200,2024-05-27
497,Monitor,South,Riya,16,15000,0.1,216000,2023-12-21
498,Monitor,East,Karan,7,15000,0.01,103950,2023-09-13
499,Smartphone,North,Arjun,12,30000,0.16,302400,2024-12-01
500,Keyboard,West,Neha,9,1200,0.05,10260,2024-12-05
501,Monitor,South,Riya,16,15000,0.06,225600,2023-11-11
502,Keyboard,South,Riya,17,1200,0.01,20196,2024-04-22
503,Smartphone,North,Arjun,4,30000,0.12,105600,2024-02-20
504,Mouse,East,Karan,14,800,0.06,10528,2023-07-04
505,Laptop,West,Neha,15,60000,0.18,738000,2025-05-14
506,Smartphone,North,Arjun,5,30000,0.14,129000,2023-10-25
507,Headphones,North,Arjun,19,2000,0.13,33060,2025-01-30
508,Smartphone,East,Karan,18,30000,0.01,534600,2023-11-07
509,Monitor,North,Arjun,12,15000,0.12,158400,2023-10-31
510,Keyboard,South,Riya,8,1200,0.09,8736,2023-12-11
511,Mouse,South,Riya,17,800,0.07,12648,2023-11-09
512,Mouse,South,Riya,13,800,0.03,10088,2023-08-29
513,Smartphone,South,Riya,12,30000,0.17,298800,2023-09-28
514,Headphones,North,Arjun,14,2000,0.16,23520,2024-02-19
515,Monitor,South,Riya,17,15000,0.01,252450,2024-11-23
516,Keyboard,North,Arjun,1,1200,0.11,1068,2024-09-16
517,Keyboard,East,Karan,3,1200,0.05,3420,2024-01-16
518,Mouse,North,Arjun,3,800,0.11,2136,2024-12-05
519,Headphones,East,Karan,9,2000,0.1,16200,2024-02-06
520,Monitor,West,Neha,12,15000,0.14,154800,2025-03-07
521,Laptop,West,Neha,10,60000,0.16,504000,2023-08-05
522,Laptop,North,Arjun,10,60000,0.07,558000,2024-04-25
523,Laptop,North,Arjun,14,60000,0.08,772800,2024-09-03
524,Keyboard,West,Neha,10,1200,0.19,9720,2025-01-25
525,Mouse,South,Riya,14,800,0.14,9632,2023-10-16
526,Monitor,North,Arjun,8,15000,0.09,109200,2023-12-18
527,Monitor,West,Neha,4,15000,0.05,57000,2025-05-15
528,Mouse,South,Riya,11,800,0.13,7656,2023-07-04
529,Monitor,South,Riya,20,15000,0.01,297000,2024-02-13
530,Keyboard,East,Karan,17,1200,0.09,18564,2024-06-17
531,Smartphone,West,Neha,14,30000,0.13,365400,2023-10-25
532,Monitor,East,Karan,11,15000,0.11,146850,2024-10-05
533,Mouse,East,Karan,5,800,0.17,3320,2024-10-10
534,Smartphone,North,Arjun,20,30000,0,600000,2024-10-19
535,Laptop,North,Arjun,2,60000,0.17,99600,2025-06-28
536,Headphones,West,Neha,15,2000,0.05,28500,2025-04-07
537,Laptop,East,Karan,5,60000,0.13,261000,2024-01-07
538,Monitor,North,Arjun,5,15000,0.1,67500,2025-03-11
539,Mouse,East,Karan,2,800,0.02,1568,2023-12-19
540,Keyboard,East,Karan,14,1200,0.18,13776,2025-02-27
541,Mouse,East,Karan,16,800,0.18,10496,2023-08-23
542,Laptop,East,Karan,20,60000,0.01,1188000,2024-05-01
543,Monitor,South,Riya,16,15000,0.13,208800,2024-04-07
544,Monitor,West,Neha,18,15000,0.13,234900,2024-01-23
545,Smartphone,East,Karan,11,30000,0.18,270600,2025-02-06
546,Headphones,East,Karan,2,2000,0.03,3880,2024-02-12
547,Monitor,East,Karan,15,15000,0,225000,2025-01-02
548,Headphones,West,Neha,10,2000,0.18,16400,2024-04-18
549,Mouse,East,Karan,19,800,0.03,14744,2024-07-29
550,Monitor,North,Arjun,11,15000,0.15,140250,2024-02-23
551,Monitor,North,Arjun,2,15000,0.01,29700,2025-06-01
552,Smartphone,North,Arjun,6,30000,0.05,171000,2024-08-16
553,Keyboard,North,Arjun,11,1200,0.08,12144,2025-02-16
554,Smartphone,East,Karan,20,30000,0.19,486000,2023-09-01
555,Headphones,South,Riya,12,2000,0.11,21360,2023-10-31
556,Keyboard,North,Arjun,4,1200,0.16,4032,2024-08-19
557,Smartphone,West,Neha,6,30000,0.12,158400,2024-04-10
558,Smartphone,West,Neha,17,30000,0.01,504900,2023-08-09
559,Mouse,East,Karan,1,800,0.17,664,2024-07-19
560,Laptop,North,Arjun,13,60000,0.14,670800,2024-04-12
561,Mouse,North,Arjun,9,800,0.18,5904,2024-03-20
562,Monitor,East,Karan,9,15000,0.02,132300,2024-05-30
563,Laptop,South,Riya,7,60000,0.19,340200,2025-05-14
564,Keyboard,South,Riya,17,1200,0.14,17544,2024-07-25
565,Keyboard,North,Arjun,12,1200,0.11,12816,2023-10-29
566,Laptop,West,Neha,15,60000,0.14,774000,2024-08-28
567,Laptop,North,Arjun,12,60000,0.09,655200,2024-08-30
568,Monitor,South,Riya,1,15000,0.03,14550,2024-10-29
569,Monitor,East,Karan,16,15000,0.14,206400,2024-10-05
570,Keyboard,West,Neha,17,1200,0.05,19380,2023-12-05
571,Laptop,West,Neha,19,60000,0.16,957600,2024-08-24
572,Mouse,West,Neha,19,800,0.05,14440,2024-06-05
573,Monitor,North,Arjun,2,15000,0.17,24900,2024-06-30
574,Keyboard,South,Riya,5,1200,0.06,5640,2024-12-22
575,Mouse,West,Neha,14,800,0.05,10640,2024-08-12
576,Monitor,West,Neha,18,15000,0.13,234900,2025-03-14
577,Headphones,South,Riya,6,2000,0.05,11400,2023-08-25
578,Monitor,East,Karan,20,15000,0.18,246000,2025-01-30
579,Laptop,West,Neha,11,60000,0.16,554400,2025-04-02
580,Headphones,South,Riya,9,2000,0.03,17460,2024-09-03
581,Headphones,South,Riya,11,2000,0.04,21120,2024-07-14
582,Monitor,South,Riya,1,15000,0.18,12300,2024-12-26
583,Keyboard,East,Karan,15,1200,0.09,16380,2023-09-25
584,Headphones,South,Riya,6,2000,0.15,10200,2025-06-01
585,Monitor,West,Neha,15,15000,0.06,211500,2024-02-02
586,Monitor,West,Neha,3,15000,0.2,36000,2024-09-16
587,Headphones,West,Neha,15,2000,0.04,28800,2024-06-16
588,Headphones,South,Riya,15,2000,0.06,28200,2024-07-17
589,Monitor,South,Riya,17,15000,0.03,247350,2023-09-03
590,Smartphone,North,Arjun,19,30000,0.11,507300,2024-02-18
591,Mouse,West,Neha,13,800,0.04,9984,2025-05-27
592,Smartphone,North,Arjun,6,30000,0.17,149400,2024-04-18
593,Smartphone,East,Karan,16,30000,0.14,412800,2024-02-08
594,Keyboard,North,Arjun,18,1200,0.08,19872,2025-05-26
595,Mouse,West,Neha,11,800,0.06,8272,2024-08-27
596,Headphones,East,Karan,20,2000,0.05,38000,2025-01-22
597,Laptop,East,Karan,11,60000,0.13,574200,2024-12-23
598,Monitor,North,Arjun,13,15000,0.07,181350,2024-08-15
599,Mouse,West,Neha,5,800,0.01,3960,2025-02-07
600,Headphones,West,Neha,20,2000,0.09,36400,2023-11-26
601,Laptop,West,Neha,4,60000,0.19,194400,2025-07-01
602,Smartphone,North,Arjun,5,30000,0.14,129000,2024-09-01
603,Monitor,South,Riya,7,15000,0.1,94500,2024-05-10
604,Keyboard,South,Riya,13,1200,0.11,13884,2025-05-10
605,Smartphone,North,Arjun,8,30000,0.07,223200,2025-03-19
606,Mouse,West,Neha,8,800,0.07,5952,2025-04-02
607,Laptop,North,Arjun,14,60000,0.15,714000,2023-10-15
608,Monitor,North,Arjun,11,15000,0.03,160050,2024-02-09
609,Keyboard,North,Arjun,17,1200,0.02,19992,2024-08-01
610,Monitor,East,Karan,15,15000,0.1,202500,2024-12-21
611,Headphones,North,Arjun,15,2000,0.04,28800,2023-07-10
612,Laptop,North,Arjun,9,60000,0.04,518400,2025-03-26
613,Mouse,North,Arjun,5,800,0.2,3200,2024-08-01
614,Laptop,East,Karan,5,60000,0.06,282000,2023-07-02
615,Monitor,East,Karan,2,15000,0.16,25200,2023-12-08
616,Headphones,West,Neha,17,2000,0.06,31960,2023-10-05
617,Headphones,West,Neha,1,2000,0.19,1620,2025-04-29
618,Laptop,West,Neha,5,60000,0.07,279000,2024-08-03
619,Monitor,East,Karan,14,15000,0.14,180600,2024-10-06
620,Keyboard,South,Riya,4,1200,0.07,4464,2024-06-19
621,Monitor,South,Riya,16,15000,0.02,235200,2023-12-31
622,Keyboard,North,Arjun,12,1200,0.09,13104,2024-03-18
623,Smartphone,North,Arjun,13,30000,0.03,378300,2025-04-02
624,Keyboard,West,Neha,10,1200,0.2,9600,2024-10-07
625,Keyboard,East,Karan,5,1200,0.13,5220,2024-09-01
626,Smartphone,North,Arjun,19,30000,0.12,501600,2025-01-17
627,Monitor,East,Karan,18,15000,0.18,221400,2025-01-21
628,Laptop,East,Karan,3,60000,0.14,154800,2024-08-23
629,Headphones,West,Neha,18,2000,0.15,30600,2025-01-04
630,Headphones,South,Riya,18,2000,0.02,35280,2023-09-28
631,Mouse,North,Arjun,11,800,0.02,8624,2025-03-27
632,Mouse,West,Neha,7,800,0.11,4984,2023-07-09
633,Laptop,West,Neha,6,60000,0.05,342000,2024-04-01
634,Keyboard,West,Neha,7,1200,0.1,7560,2024-10-19
635,Mouse,East,Karan,12,800,0.07,8928,2025-01-14
636,Smartphone,North,Arjun,17,30000,0.13,443700,2025-02-20
637,Smartphone,West,Neha,13,30000,0.15,331500,2024-02-05
638,Monitor,North,Arjun,4,15000,0.13,52200,2024-01-26
639,Laptop,West,Neha,16,60000,0.16,806400,2025-01-21
640,Headphones,West,Neha,18,2000,0.16,30240,2023-08-01
641,Smartphone,East,Karan,15,30000,0.07,418500,2025-05-10
642,Keyboard,North,Arjun,4,1200,0.1,4320,2024-12-02
643,Laptop,South,Riya,10,60000,0.01,594000,2024-08-19
644,Headphones,South,Riya,13,2000,0.07,24180,2025-05-02
645,Keyboard,North,Arjun,11,1200,0.05,12540,2024-07-26
646,Monitor,West,Neha,17,15000,0.09,232050,2024-04-22
647,Monitor,North,Arjun,14,15000,0.04,201600,2024-08-23
648,Laptop,South,Riya,9,60000,0.14,464400,2024-05-12
649,Smartphone,West,Neha,18,30000,0.15,459000,2024-08-08
650,Laptop,East,Karan,8,60000,0.01,475200,2023-10-24
651,Headphones,West,Neha,12,2000,0.15,20400,2024-09-27
652,Headphones,South,Riya,1,2000,0.15,1700,2024-02-13
653,Mouse,East,Karan,12,800,0.17,7968,2024-11-13
654,Keyboard,South,Riya,13,1200,0.17,12948,2023-12-28
655,Mouse,West,Neha,18,800,0.08,13248,2025-03-30
656,Smartphone,South,Riya,14,30000,0.18,344400,2025-01-22
657,Mouse,East,Karan,1,800,0.14,688,2024-06-13
658,Mouse,East,Karan,2,800,0.18,1312,2024-01-21
659,Mouse,South,Riya,13,800,0.17,8632,2024-08-02
660,Mouse,East,Karan,15,800,0.06,11280,2024-12-26
661,Headphones,West,Neha,6,2000,0.05,11400,2025-05-01
662,Mouse,North,Arjun,12,800,0.04,9216,2024-06-29
663,Keyboard,West,Neha,4,1200,0.06,4512,2024-01-04
664,Headphones,North,Arjun,2,2000,0.17,3320,2023-11-15
665,Keyboard,West,Neha,3,1200,0.07,3348,2025-06-07
666,Mouse,North,Arjun,19,800,0.13,13224,2024-06-04
667,Keyboard,North,Arjun,12,1200,0.1,12960,2023-07-20
668,Mouse,South,Riya,16,800,0.2,10240,2025-05-27
669,Monitor,West,Neha,2,15000,0.12,26400,2024-05-31
670,Mouse,West,Neha,20,800,0.02,15680,2025-05-28
671,Headphones,East,Karan,10,2000,0.09,18200,2023-11-10
672,Smartphone,West,Neha,8,30000,0.05,228000,2024-01-29
673,Smartphone,South,Riya,20,30000,0.13,522000,2024-07-02
674,Keyboard,North,Arjun,9,1200,0.08,9936,2025-05-28
675,Monitor,South,Riya,3,15000,0.11,40050,2024-03-27
676,Laptop,North,Arjun,3,60000,0.09,163800,2023-11-23
677,Headphones,South,Riya,14,2000,0.17,23240,2025-01-01
678,Mouse,East,Karan,11,800,0.11,7832,2025-03-31
679,Smartphone,North,Arjun,7,30000,0.02,205800,2024-12-09
680,Smartphone,North,Arjun,13,30000,0.06,366600,2024-02-03
681,Keyboard,North,Arjun,9,1200,0.18,8856,2023-11-19
682,Smartphone,North,Arjun,7,30000,0.15,178500,2024-01-14
683,Keyboard,North,Arjun,12,1200,0.03,13968,2024-08-02
684,Smartphone,South,Riya,9,30000,0.09,245700,2023-12-09
685,Monitor,North,Arjun,11,15000,0.04,158400,2023-10-26
686,Monitor,South,Riya,4,15000,0.07,55800,2024-06-18
687,Laptop,West,Neha,3,60000,0.09,163800,2025-03-12
688,Laptop,South,Riya,13,60000,0,780000,2024-10-20
689,Headphones,South,Riya,9,2000,0.15,15300,2024-12-30
690,Headphones,East,Karan,20,2000,0.02,39200,2025-02-24
691,Laptop,West,Neha,9,60000,0.01,534600,2024-04-12
692,Headphones,North,Arjun,1,2000,0.13,1740,2023-07-18
693,Mouse,East,Karan,5,800,0.01,3960,2025-03-10
694,Monitor,East,Karan,11,15000,0.05,156750,2024-01-18
695,Keyboard,South,Riya,9,1200,0.05,10260,2025-01-21
696,Keyboard,West,Neha,8,1200,0.17,7968,2023-07-29
697,Mouse,East,Karan,16,800,0.12,11264,2024-12-30
698,Mouse,West,Neha,10,800,0.08,7360,2025-03-24
699,Smartphone,West,Neha,7,30000,0.08,193200,2024-03-01
700,Headphones,North,Arjun,7,2000,0.12,12320,2025-05-25
701,Headphones,South,Riya,12,2000,0.11,21360,2024-11-24
702,Headphones,South,Riya,18,2000,0.04,34560,2024-06-06
703,Monitor,East,Karan,9,15000,0.17,112050,2024-07-22
704,Laptop,South,Riya,6,60000,0.05,342000,2023-09-06
705,Monitor,North,Arjun,15,15000,0.02,220500,2023-10-15
706,Monitor,West,Neha,14,15000,0.04,201600,2024-11-30
707,Laptop,West,Neha,3,60000,0.12,158400,2025-01-09
708,Smartphone,West,Neha,9,30000,0,270000,2023-08-18
709,Smartphone,West,Neha,8,30000,0.04,230400,2024-03-30
710,Headphones,West,Neha,15,2000,0.07,27900,2023-11-10
711,Mouse,East,Karan,11,800,0.02,8624,2024-05-20
712,Smartphone,West,Neha,1,30000,0.14,25800,2024-10-22
713,Smartphone,East,Karan,13,30000,0.12,343200,2024-07-10
714,Monitor,West,Neha,3,15000,0.04,43200,2024-05-18
715,Monitor,South,Riya,7,15000,0.17,87150,2024-03-15
716,Laptop,West,Neha,15,60000,0.04,864000,2024-09-30
717,Mouse,West,Neha,17,800,0.08,12512,2024-01-28
718,Mouse,West,Neha,5,800,0.18,3280,2023-07-05
719,Mouse,West,Neha,18,800,0.06,13536,2024-03-03
720,Smartphone,East,Karan,3,30000,0.11,80100,2024-05-03
721,Headphones,South,Riya,15,2000,0.17,24900,2024-03-26
722,Smartphone,North,Arjun,7,30000,0.03,203700,2024-08-06
723,Monitor,East,Karan,7,15000,0.11,93450,2024-01-12
724,Mouse,South,Riya,4,800,0.03,3104,2025-06-01
725,Laptop,North,Arjun,8,60000,0.17,398400,2024-11-22
726,Keyboard,East,Karan,3,1200,0.11,3204,2023-11-17
727,Laptop,South,Riya,4,60000,0.09,218400,2025-01-18
728,Mouse,North,Arjun,3,800,0.1,2160,2024-02-21
729,Headphones,East,Karan,5,2000,0.11,8900,2024-12-22
730,Smartphone,East,Karan,7,30000,0.19,170100,2023-09-18
731,Laptop,North,Arjun,19,60000,0.1,1026000,2023-08-14
732,Laptop,East,Karan,15,60000,0.04,864000,2023-07-15
733,Headphones,South,Riya,12,2000,0.07,22320,2023-08-01
734,Headphones,North,Arjun,15,2000,0.17,24900,2023-12-30
735,Monitor,East,Karan,20,15000,0.17,249000,2024-04-26
736,Laptop,East,Karan,8,60000,0.07,446400,2024-10-22
737,Mouse,West,Neha,9,800,0.19,5832,2025-06-16
738,Headphones,West,Neha,1,2000,0.18,1640,2024-10-15
739,Mouse,North,Arjun,13,800,0.09,9464,2024-01-02
740,Headphones,East,Karan,14,2000,0.19,22680,2025-05-02
741,Laptop,East,Karan,2,60000,0.19,97200,2024-10-26
742,Headphones,North,Arjun,6,2000,0.08,11040,2023-11-25
743,Headphones,East,Karan,17,2000,0.09,30940,2025-04-01
744,Laptop,North,Arjun,1,60000,0.12,52800,2024-12-11
745,Laptop,North,Arjun,6,60000,0.15,306000,2023-09-10
746,Smartphone,North,Arjun,19,30000,0.03,552900,2023-07-27
747,Laptop,South,Riya,13,60000,0.01,772200,2023-07-20
748,Laptop,South,Riya,14,60000,0.02,823200,2024-10-06
749,Monitor,West,Neha,2,15000,0.11,26700,2024-09-28
750,Headphones,South,Riya,13,2000,0.15,22100,2025-06-02
751,Keyboard,North,Arjun,6,1200,0,7200,2025-06-17
752,Headphones,North,Arjun,16,2000,0.11,28480,2023-11-26
753,Monitor,East,Karan,13,15000,0.01,193050,2025-02-01
754,Laptop,North,Arjun,6,60000,0.02,352800,2024-01-15
755,Mouse,East,Karan,18,800,0.12,12672,2025-01-27
756,Smartphone,North,Arjun,10,30000,0.12,264000,2023-10-05
757,Smartphone,East,Karan,15,30000,0.16,378000,2024-05-17
758,Monitor,West,Neha,2,15000,0.18,24600,2024-01-26
759,Laptop,West,Neha,20,60000,0.14,1032000,2023-08-08
760,Mouse,South,Riya,5,800,0.02,3920,2023-09-15
761,Smartphone,West,Neha,7,30000,0.02,205800,2024-03-24
762,Laptop,East,Karan,10,60000,0.11,534000,2023-10-11
763,Keyboard,North,Arjun,15,1200,0.05,17100,2024-11-26
764,Monitor,West,Neha,4,15000,0.15,51000,2024-07-19
765,Mouse,North,Arjun,17,800,0.03,13192,2024-12-26
766,Smartphone,East,Karan,10,30000,0.13,261000,2024-07-07
767,Laptop,North,Arjun,7,60000,0.03,407400,2023-07-31
768,Monitor,East,Karan,1,15000,0.19,12150,2023-07-05
769,Laptop,West,Neha,1,60000,0.04,57600,2025-03-02
770,Headphones,West,Neha,17,2000,0.05,32300,2023-07-10
771,Keyboard,West,Neha,3,1200,0.19,2916,2025-01-07
772,Smartphone,North,Arjun,1,30000,0.01,29700,2023-12-08
773,Mouse,West,Neha,11,800,0.1,7920,2023-08-12
774,Laptop,West,Neha,1,60000,0.02,58800,2024-10-12
775,Smartphone,South,Riya,11,30000,0.15,280500,2023-10-28
776,Headphones,South,Riya,11,2000,0.1,19800,2023-10-05
777,Headphones,North,Arjun,8,2000,0.1,14400,2025-06-14
778,Monitor,South,Riya,16,15000,0.09,218400,2023-09-01
779,Mouse,South,Riya,18,800,0.05,13680,2024-12-12
780,Monitor,West,Neha,15,15000,0.06,211500,2024-07-23
781,Monitor,East,Karan,5,15000,0.16,63000,2025-01-02
782,Smartphone,East,Karan,1,30000,0.12,26400,2024-09-09
783,Monitor,West,Neha,2,15000,0.2,24000,2025-01-06
784,Mouse,West,Neha,12,800,0.07,8928,2024-11-11
785,Keyboard,East,Karan,16,1200,0.06,18048,2024-04-24
786,Monitor,South,Riya,19,15000,0.01,282150,2024-07-07
787,Keyboard,West,Neha,7,1200,0.08,7728,2023-08-26
788,Headphones,South,Riya,11,2000,0.13,19140,2023-11-11
789,Mouse,East,Karan,2,800,0.09,1456,2024-10-23
790,Laptop,East,Karan,10,60000,0.07,558000,2025-01-01
791,Laptop,West,Neha,9,60000,0.07,502200,2024-01-30
792,Keyboard,North,Arjun,5,1200,0.1,5400,2024-08-02
793,Keyboard,South,Riya,7,1200,0.11,7476,2025-01-22
794,Monitor,West,Neha,17,15000,0.03,247350,2024-05-16
795,Smartphone,East,Karan,19,30000,0.03,552900,2025-06-17
796,Monitor,West,Neha,17,15000,0.07,237150,2024-01-31
797,Keyboard,East,Karan,9,1200,0.02,10584,2025-05-01
798,Monitor,West,Neha,9,15000,0.15,114750,2023-12-12
799,Headphones,South,Riya,17,2000,0.1,30600,2025-01-16
800,Headphones,East,Karan,18,2000,0.15,30600,2024-09-27
801,Headphones,East,Karan,8,2000,0.1,14400,2024-02-28
802,Keyboard,South,Riya,1,1200,0.01,1188,2024-01-21
803,Mouse,South,Riya,19,800,0.08,13984,2025-05-21
804,Monitor,East,Karan,11,15000,0.02,161700,2024-06-21
805,Keyboard,West,Neha,5,1200,0.02,5880,2024-01-08
806,Smartphone,South,Riya,3,30000,0.2,72000,2025-02-08
807,Keyboard,West,Neha,3,1200,0.03,3492,2024-02-18
808,Smartphone,South,Riya,17,30000,0.16,428400,2023-10-29
809,Mouse,West,Neha,16,800,0.09,11648,2024-10-09
810,Monitor,South,Riya,9,15000,0.13,117450,2024-05-30
811,Keyboard,North,Arjun,18,1200,0.13,18792,2024-07-09
812,Smartphone,East,Karan,5,30000,0.1,135000,2025-01-27
813,Smartphone,North,Arjun,3,30000,0.07,83700,2025-03-04
814,Monitor,West,Neha,18,15000,0.03,261900,2024-05-19
815,Headphones,East,Karan,3,2000,0.11,5340,2024-02-01
816,Mouse,North,Arjun,20,800,0.11,14240,2025-06-27
817,Mouse,East,Karan,2,800,0.04,1536,2023-12-18
818,Smartphone,East,Karan,14,30000,0.02,411600,2024-10-30
819,Monitor,East,Karan,6,15000,0.02,88200,2024-11-07
820,Laptop,North,Arjun,15,60000,0.19,729000,2025-01-12
821,Mouse,North,Arjun,13,800,0.11,9256,2024-05-02
822,Mouse,North,Arjun,1,800,0.14,688,2024-07-22
823,Smartphone,North,Arjun,8,30000,0.16,201600,2023-11-29
824,Laptop,South,Riya,5,60000,0.17,249000,2025-03-04
825,Headphones,North,Arjun,19,2000,0.17,31540,2024-04-26
826,Monitor,North,Arjun,1,15000,0.04,14400,2023-11-24
827,Monitor,East,Karan,17,15000,0.03,247350,2024-09-28
828,Keyboard,North,Arjun,20,1200,0.14,20640,2023-09-20
829,Headphones,East,Karan,12,2000,0.11,21360,2023-12-11
830,Laptop,South,Riya,13,60000,0.18,639600,2025-03-04
831,Laptop,North,Arjun,16,60000,0.01,950400,2024-05-10
832,Monitor,North,Arjun,10,15000,0.04,144000,2024-10-07
833,Keyboard,West,Neha,12,1200,0.1,12960,2024-03-27
834,Monitor,West,Neha,8,15000,0.07,111600,2025-03-23
835,Mouse,North,Arjun,5,800,0.01,3960,2025-04-28
836,Keyboard,East,Karan,11,1200,0.18,10824,2025-02-14
837,Keyboard,South,Riya,10,1200,0.06,11280,2024-06-02
838,Headphones,South,Riya,13,2000,0.2,20800,2023-11-25
839,Monitor,East,Karan,13,15000,0.09,177450,2024-09-14
840,Smartphone,West,Neha,12,30000,0.09,327600,2024-02-18
841,Laptop,North,Arjun,18,60000,0.12,950400,2024-12-15
842,Smartphone,West,Neha,11,30000,0.11,293700,2025-05-14
843,Laptop,West,Neha,20,60000,0,1200000,2025-02-05
844,Keyboard,South,Riya,5,1200,0.09,5460,2024-10-10
845,Mouse,South,Riya,8,800,0.13,5568,2023-08-22
846,Mouse,South,Riya,5,800,0.01,3960,2024-08-03
847,Monitor,North,Arjun,9,15000,0.06,126900,2024-05-22
848,Smartphone,East,Karan,15,30000,0.12,396000,2024-06-05
849,Keyboard,East,Karan,10,1200,0.01,11880,2024-01-19
850,Headphones,East,Karan,12,2000,0.03,23280,2023-07-12
851,Headphones,East,Karan,16,2000,0.11,28480,2025-02-02
852,Smartphone,North,Arjun,10,30000,0.13,261000,2023-08-28
853,Monitor,East,Karan,11,15000,0.02,161700,2023-08-21
854,Mouse,East,Karan,6,800,0.05,4560,2025-05-14
855,Laptop,East,Karan,2,60000,0.06,112800,2024-09-26
856,Smartphone,East,Karan,1,30000,0.02,29400,2024-07-22
857,Smartphone,South,Riya,4,30000,0.14,103200,2024-07-02
858,Smartphone,East,Karan,19,30000,0.17,473100,2024-10-08
859,Laptop,East,Karan,6,60000,0.08,331200,2024-01-25
860,Headphones,West,Neha,19,2000,0.12,33440,2024-06-25
861,Monitor,South,Riya,12,15000,0.2,144000,2025-03-25
862,Laptop,North,Arjun,6,60000,0.11,320400,2023-07-18
863,Keyboard,South,Riya,3,1200,0.18,2952,2024-08-26
864,Headphones,West,Neha,6,2000,0.15,10200,2024-07-13
865,Headphones,North,Arjun,9,2000,0.19,14580,2024-04-07
866,Headphones,South,Riya,19,2000,0.14,32680,2025-03-28
867,Smartphone,East,Karan,20,30000,0.07,558000,2023-11-14
868,Keyboard,South,Riya,15,1200,0.13,15660,2024-12-01
869,Monitor,South,Riya,8,15000,0.08,110400,2024-07-05
870,Headphones,East,Karan,2,2000,0.01,3960,2024-01-07
871,Monitor,North,Arjun,9,15000,0.11,120150,2023-12-13
872,Smartphone,North,Arjun,12,30000,0.13,313200,2025-06-09
873,Laptop,North,Arjun,8,60000,0.08,441600,2024-06-26
874,Keyboard,North,Arjun,8,1200,0.08,8832,2023-09-12
875,Smartphone,West,Neha,5,30000,0.15,127500,2024-08-15
876,Mouse,East,Karan,6,800,0.05,4560,2024-10-11
877,Laptop,East,Karan,12,60000,0.02,705600,2024-10-03
878,Keyboard,West,Neha,5,1200,0.08,5520,2025-01-01
879,Smartphone,West,Neha,20,30000,0.09,546000,2024-08-26
880,Mouse,West,Neha,15,800,0.17,9960,2024-10-18
881,Keyboard,South,Riya,14,1200,0.08,15456,2025-02-25
882,Laptop,North,Arjun,6,60000,0.11,320400,2023-10-05
883,Laptop,North,Arjun,1,60000,0.15,51000,2025-01-13
884,Headphones,East,Karan,5,2000,0.19,8100,2025-03-15
885,Mouse,East,Karan,11,800,0.11,7832,2025-01-30
886,Headphones,South,Riya,15,2000,0.14,25800,2024-04-30
887,Laptop,West,Neha,11,60000,0.06,620400,2024-03-13
888,Laptop,North,Arjun,15,60000,0,900000,2024-08-31
889,Monitor,East,Karan,8,15000,0.01,118800,2024-03-13
890,Monitor,East,Karan,2,15000,0.02,29400,2024-04-22
891,Keyboard,North,Arjun,13,1200,0.09,14196,2023-09-21
892,Smartphone,East,Karan,18,30000,0.14,464400,2024-07-30
893,Keyboard,West,Neha,16,1200,0.16,16128,2025-04-01
894,Smartphone,North,Arjun,9,30000,0.03,261900,2024-05-25
895,Laptop,North,Arjun,16,60000,0.01,950400,2024-07-01
896,Mouse,East,Karan,13,800,0.17,8632,2024-08-17
897,Smartphone,West,Neha,15,30000,0.06,423000,2024-08-18
898,Monitor,West,Neha,20,15000,0.05,285000,2023-12-26
899,Laptop,West,Neha,10,60000,0.05,570000,2023-08-18
900,Mouse,West,Neha,20,800,0.14,13760,2024-05-31
901,Smartphone,East,Karan,15,30000,0.13,391500,2023-07-30
902,Keyboard,West,Neha,17,1200,0.02,19992,2023-11-02
903,Headphones,East,Karan,17,2000,0.11,30260,2023-10-31
904,Smartphone,West,Neha,4,30000,0.2,96000,2025-05-04
905,Keyboard,West,Neha,5,1200,0.1,5400,2025-03-10
906,Mouse,North,Arjun,13,800,0.15,8840,2024-06-24
907,Mouse,West,Neha,1,800,0.14,688,2025-05-31
908,Laptop,West,Neha,2,60000,0.2,96000,2024-07-31
909,Mouse,North,Arjun,12,800,0.02,9408,2024-02-19
910,Laptop,West,Neha,19,60000,0.19,923400,2025-05-02
911,Smartphone,South,Riya,1,30000,0.09,27300,2025-01-17
912,Headphones,South,Riya,17,2000,0.01,33660,2024-09-11
913,Smartphone,South,Riya,4,30000,0.04,115200,2024-06-21
914,Smartphone,South,Riya,16,30000,0.11,427200,2023-12-10
915,Laptop,East,Karan,9,60000,0.04,518400,2024-08-03
916,Keyboard,North,Arjun,9,1200,0.14,9288,2025-04-12
917,Mouse,South,Riya,3,800,0.05,2280,2024-12-20
918,Smartphone,North,Arjun,3,30000,0.18,73800,2024-05-27
919,Laptop,West,Neha,2,60000,0.07,111600,2024-08-24
920,Smartphone,North,Arjun,15,30000,0.17,373500,2025-02-18
921,Smartphone,North,Arjun,11,30000,0.16,277200,2023-09-16
922,Smartphone,East,Karan,16,30000,0.08,441600,2024-11-08
923,Keyboard,West,Neha,6,1200,0.2,5760,2024-11-27
924,Mouse,East,Karan,3,800,0.16,2016,2023-10-28
925,Smartphone,North,Arjun,10,30000,0.09,273000,2024-02-02
926,Smartphone,North,Arjun,14,30000,0.13,365400,2024-04-17
927,Headphones,North,Arjun,17,2000,0.08,31280,2023-09-05
928,Mouse,North,Arjun,5,800,0.19,3240,2025-06-08
929,Mouse,South,Riya,15,800,0.19,9720,2025-03-02
930,Smartphone,South,Riya,7,30000,0.04,201600,2024-06-15
931,Mouse,North,Arjun,3,800,0.08,2208,2025-04-15
932,Laptop,West,Neha,13,60000,0.07,725400,2024-03-06
933,Headphones,West,Neha,2,2000,0.07,3720,2025-04-27
934,Monitor,South,Riya,7,15000,0.1,94500,2023-12-05
935,Laptop,West,Neha,14,60000,0.08,772800,2025-04-17
936,Monitor,East,Karan,12,15000,0,180000,2024-04-08
937,Laptop,East,Karan,8,60000,0.14,412800,2024-08-12
938,Laptop,West,Neha,1,60000,0.04,57600,2024-11-26
939,Laptop,South,Riya,8,60000,0.11,427200,2023-09-06
940,Monitor,South,Riya,15,15000,0.12,198000,2025-03-30
941,Smartphone,North,Arjun,2,30000,0.09,54600,2024-08-02
942,Laptop,East,Karan,8,60000,0.18,393600,2024-09-13
943,Laptop,East,Karan,16,60000,0.07,892800,2023-08-21
944,Keyboard,North,Arjun,17,1200,0.05,19380,2025-06-16
945,Keyboard,East,Karan,12,1200,0.15,12240,2025-01-02
946,Headphones,South,Riya,4,2000,0,8000,2025-03-15
947,Mouse,West,Neha,14,800,0.1,10080,2024-12-29
948,Smartphone,South,Riya,10,30000,0.02,294000,2025-02-03
949,Laptop,North,Arjun,8,60000,0.08,441600,2025-05-16
950,Keyboard,West,Neha,18,1200,0.04,20736,2024-08-12
951,Monitor,South,Riya,20,15000,0.14,258000,2024-10-30
952,Laptop,North,Arjun,11,60000,0.13,574200,2024-09-16
953,Laptop,North,Arjun,9,60000,0.09,491400,2025-04-04
954,Monitor,West,Neha,16,15000,0,240000,2024-08-24
955,Monitor,South,Riya,19,15000,0.06,267900,2025-03-09
956,Keyboard,East,Karan,16,1200,0.01,19008,2023-07-25
957,Mouse,West,Neha,16,800,0.04,12288,2023-11-18
958,Laptop,North,Arjun,14,60000,0.02,823200,2023-10-12
959,Headphones,North,Arjun,14,2000,0.1,25200,2025-03-30
960,Laptop,West,Neha,11,60000,0.06,620400,2024-05-17
961,Keyboard,South,Riya,8,1200,0.07,8928,2025-02-16
962,Laptop,West,Neha,2,60000,0.18,98400,2025-01-26
963,Smartphone,South,Riya,20,30000,0.06,564000,2023-12-07
964,Smartphone,East,Karan,2,30000,0.1,54000,2024-04-23
965,Monitor,North,Arjun,2,15000,0.03,29100,2024-01-31
966,Monitor,East,Karan,17,15000,0.02,249900,2024-02-04
967,Keyboard,South,Riya,4,1200,0.02,4704,2025-03-17
968,Headphones,West,Neha,19,2000,0.01,37620,2025-06-15
969,Keyboard,North,Arjun,8,1200,0.02,9408,2024-11-02
970,Smartphone,East,Karan,17,30000,0.13,443700,2024-04-10
971,Keyboard,South,Riya,19,1200,0.09,20748,2024-03-07
972,Mouse,South,Riya,1,800,0.17,664,2024-06-16
973,Headphones,North,Arjun,11,2000,0.08,20240,2023-10-15
974,Keyboard,North,Arjun,6,1200,0.16,6048,2025-04-25
975,Smartphone,West,Neha,8,30000,0.07,223200,2024-10-05
976,Smartphone,South,Riya,7,30000,0.05,199500,2025-05-15
977,Headphones,North,Arjun,5,2000,0.11,8900,2024-05-03
978,Headphones,West,Neha,15,2000,0.19,24300,2024-07-27
979,Smartphone,North,Arjun,10,30000,0.04,288000,2024-04-24
980,Smartphone,South,Riya,1,30000,0.13,26100,2024-02-13
981,Laptop,North,Arjun,20,60000,0.13,1044000,2024-12-02
982,Keyboard,West,Neha,14,1200,0.13,14616,2025-03-16
983,Headphones,West,Neha,14,2000,0.14,24080,2024-01-13
984,Mouse,South,Riya,20,800,0.14,13760,2025-05-27
985,Mouse,West,Neha,1,800,0.17,664,2024-11-28
986,Smartphone,North,Arjun,13,30000,0.09,354900,2023-07-31
987,Laptop,East,Karan,8,60000,0.07,446400,2024-06-16
988,Smartphone,South,Riya,2,30000,0.08,55200,2024-12-28
989,Headphones,West,Neha,5,2000,0.12,8800,2025-04-21
990,Headphones,South,Riya,12,2000,0.14,20640,2024-07-10
991,Monitor,North,Arjun,11,15000,0.11,146850,2024-10-07
992,Keyboard,East,Karan,11,1200,0.17,10956,2024-08-28
993,Laptop,North,Arjun,18,60000,0.07,1004400,2023-09-07
994,Monitor,South,Riya,2,15000,0.12,26400,2024-04-04
995,Monitor,South,Riya,8,15000,0.17,99600,2024-10-29
996,Mouse,West,Neha,4,800,0.11,2848,2024-08-06
997,Keyboard,West,Neha,11,1200,0.05,12540,2023-12-17
998,Keyboard,South,Riya,1,1200,0.11,1068,2025-06-17
999,Headphones,North,Arjun,1,2000,0.11,1780,2025-02-14
1000,Monitor,West,Neha,19,15000,0.02,279300,2024-01-26
