SaleID,ProductID,SaleDate,Quantity,UnitPrice,TotalSale,Discount%,CustomerType,Region
SL0001,P097,2025-05-30,31,275.91,8553.21,15%,Wholesale,West
SL0002,P002,2025-04-26,11,457.4,5031.4,0%,Wholesale,North
SL0003,P063,2025-05-12,35,45.45,1590.75,0%,Retail,West
SL0004,P051,2025-05-30,20,84.32,1686.4,10%,Retail,North
SL0005,P036,2025-01-19,36,265.87,9571.32,5%,Retail,North
SL0006,P071,2025-06-18,23,259.88,5977.24,10%,Wholesale,East
SL0007,P056,2024-08-06,11,107.27,1179.97,5%,Retail,West
SL0008,P005,2024-12-05,6,171.84,1031.04,15%,Wholesale,East
SL0009,P078,2025-06-30,43,187.73,8072.39,0%,Retail,West
SL0010,P022,2024-07-11,32,25.77,824.64,0%,Wholesale,East
SL0011,P046,2024-12-29,10,71.23,712.3,15%,Wholesale,South
SL0012,P086,2024-07-09,28,28.09,786.52,0%,Wholesale,East
SL0013,P031,2024-09-06,11,210.49,2315.39,5%,Wholesale,North
SL0014,P056,2024-07-11,11,107.27,1179.97,5%,Wholesale,West
SL0015,P092,2025-02-03,36,331.56,11936.16,0%,Wholesale,North
SL0016,P025,2024-09-12,20,159.35,3187,0%,Wholesale,West
SL0017,P048,2025-03-04,33,447.85,14779.05,5%,Retail,North
SL0018,P040,2025-01-09,37,235.68,8720.16,0%,Retail,West
SL0019,P016,2024-10-24,22,236.68,5206.96,10%,Retail,South
SL0020,P068,2024-11-18,12,411.31,4935.72,5%,Wholesale,North
SL0021,P003,2025-02-10,39,356.88,13918.32,5%,Wholesale,South
SL0022,P085,2025-03-29,50,139.72,6986,10%,Wholesale,East
SL0023,P056,2025-02-09,17,107.27,1823.59,5%,Retail,South
SL0024,P004,2025-01-11,7,297.81,2084.67,15%,Wholesale,North
SL0025,P073,2024-08-27,32,176.93,5661.76,0%,Wholesale,East
SL0026,P031,2024-11-20,37,221.57,8198.09,0%,Retail,South
SL0027,P077,2024-07-27,24,391.39,9393.36,10%,Wholesale,East
SL0028,P079,2024-10-24,46,362.63,16680.98,0%,Wholesale,South
SL0029,P009,2025-02-28,30,204.29,6128.7,15%,Wholesale,North
SL0030,P030,2025-02-11,18,248.4,4471.2,5%,Wholesale,South
SL0031,P004,2024-10-18,31,332.85,10318.35,5%,Wholesale,North
SL0032,P097,2024-08-17,4,308.37,1233.48,5%,Wholesale,West
SL0033,P025,2024-12-18,46,159.35,7330.1,0%,Retail,North
SL0034,P029,2025-04-23,13,345.47,4491.11,5%,Retail,South
SL0035,P031,2025-02-04,23,199.41,4586.43,10%,Retail,East
SL0036,P003,2024-11-08,11,375.66,4132.26,0%,Wholesale,West
SL0037,P079,2024-09-27,15,308.24,4623.6,15%,Wholesale,North
SL0038,P051,2025-02-17,46,79.64,3663.44,15%,Wholesale,South
SL0039,P014,2025-04-27,21,262.03,5502.63,15%,Wholesale,East
SL0040,P071,2024-11-18,44,245.44,10799.36,15%,Wholesale,East
SL0041,P036,2024-12-09,39,279.86,10914.54,0%,Wholesale,West
SL0042,P034,2025-02-18,25,9.95,248.75,10%,Wholesale,East
SL0043,P049,2025-02-12,46,374.4,17222.4,10%,Wholesale,North
SL0044,P060,2024-10-05,20,136.81,2736.2,0%,Retail,West
SL0045,P080,2025-04-14,20,178.3,3566,15%,Wholesale,West
SL0046,P092,2024-11-20,20,281.83,5636.6,15%,Wholesale,West
SL0047,P050,2025-04-09,42,226.21,9500.82,15%,Retail,South
SL0048,P011,2024-07-31,40,122.77,4910.8,15%,Wholesale,East
SL0049,P024,2025-01-11,14,152.61,2136.54,15%,Retail,West
SL0050,P015,2024-09-06,44,325.2,14308.8,15%,Retail,North
SL0051,P054,2024-07-14,29,381.85,11073.65,5%,Wholesale,South
SL0052,P057,2024-07-22,41,236.12,9680.92,10%,Wholesale,North
SL0053,P015,2024-12-22,44,325.2,14308.8,15%,Wholesale,East
SL0054,P052,2025-05-06,22,339.01,7458.22,15%,Retail,West
SL0055,P051,2024-09-05,2,84.32,168.64,10%,Retail,East
SL0056,P082,2025-05-18,17,110.29,1874.93,5%,Wholesale,South
SL0057,P025,2024-10-08,47,151.38,7114.86,5%,Retail,West
SL0058,P063,2024-09-27,7,40.91,286.37,10%,Retail,South
SL0059,P074,2024-11-19,26,269.21,6999.46,10%,Wholesale,South
SL0060,P026,2025-04-18,46,398.56,18333.76,10%,Retail,West
SL0061,P038,2025-01-08,36,144.99,5219.64,0%,Wholesale,East
SL0062,P067,2024-10-20,43,100.06,4302.58,15%,Retail,East
SL0063,P068,2025-01-13,9,389.66,3506.94,10%,Retail,West
SL0064,P100,2025-06-16,47,105.58,4962.26,5%,Retail,North
SL0065,P025,2024-12-20,24,143.41,3441.84,10%,Wholesale,South
SL0066,P009,2024-11-07,6,240.34,1442.04,0%,Retail,East
SL0067,P019,2025-05-26,6,45.82,274.92,15%,Wholesale,North
SL0068,P032,2025-05-22,2,219.18,438.36,0%,Retail,North
SL0069,P088,2024-09-07,25,341.44,8536,10%,Wholesale,South
SL0070,P014,2024-09-01,22,262.03,5764.66,15%,Wholesale,East
SL0071,P093,2025-01-05,15,273.9,4108.5,5%,Retail,North
SL0072,P079,2024-11-12,4,326.37,1305.48,10%,Retail,West
SL0073,P025,2024-10-11,11,151.38,1665.18,5%,Wholesale,East
SL0074,P029,2025-04-02,39,345.47,13473.33,5%,Retail,North
SL0075,P052,2024-09-18,16,378.89,6062.24,5%,Wholesale,West
SL0076,P074,2025-02-25,44,284.16,12503.04,5%,Retail,East
SL0077,P007,2025-05-16,33,72.11,2379.63,15%,Retail,North
SL0078,P066,2024-12-17,30,213.25,6397.5,15%,Wholesale,North
SL0079,P029,2025-06-08,12,327.28,3927.36,10%,Wholesale,West
SL0080,P060,2024-10-29,32,136.81,4377.92,0%,Retail,West
SL0081,P057,2024-10-01,8,262.36,2098.88,0%,Retail,North
SL0082,P059,2024-10-08,50,387.17,19358.5,15%,Retail,East
SL0083,P024,2024-12-29,12,179.54,2154.48,0%,Wholesale,East
SL0084,P016,2025-04-05,48,262.98,12623.04,0%,Wholesale,West
SL0085,P003,2025-05-06,46,338.09,15552.14,10%,Wholesale,North
SL0086,P042,2024-11-02,11,187.62,2063.82,0%,Retail,South
SL0087,P041,2025-07-02,16,365.69,5851.04,10%,Retail,North
SL0088,P032,2024-08-21,36,208.22,7495.92,5%,Retail,East
SL0089,P014,2024-07-30,43,262.03,11267.29,15%,Wholesale,East
SL0090,P015,2024-09-24,48,325.2,15609.6,15%,Wholesale,North
SL0091,P100,2025-03-30,36,105.58,3800.88,5%,Wholesale,West
SL0092,P007,2024-08-12,24,76.35,1832.4,10%,Wholesale,South
SL0093,P028,2025-04-22,41,188.51,7728.91,5%,Retail,East
SL0094,P012,2025-02-26,36,309.76,11151.36,10%,Retail,West
SL0095,P068,2025-01-03,13,432.96,5628.48,0%,Retail,West
SL0096,P047,2025-07-02,35,406.7,14234.5,5%,Retail,North
SL0097,P053,2025-03-14,2,229.55,459.1,10%,Wholesale,East
SL0098,P008,2025-04-05,7,23.29,163.03,10%,Wholesale,North
SL0099,P073,2024-10-01,18,159.24,2866.32,10%,Retail,South
SL0100,P017,2024-11-09,40,182.27,7290.8,5%,Wholesale,West
SL0101,P033,2024-07-08,15,150.99,2264.85,10%,Wholesale,East
SL0102,P058,2024-11-13,6,313.73,1882.38,5%,Wholesale,South
SL0103,P050,2024-08-21,12,226.21,2714.52,15%,Retail,South
SL0104,P069,2025-02-10,21,181.83,3818.43,5%,Retail,East
SL0105,P061,2024-08-17,44,336.53,14807.32,10%,Wholesale,East
SL0106,P036,2025-02-06,15,251.87,3778.05,10%,Wholesale,East
SL0107,P069,2025-02-25,44,181.83,8000.52,5%,Retail,North
SL0108,P020,2025-03-14,11,427.85,4706.35,10%,Retail,North
SL0109,P068,2025-04-02,27,389.66,10520.82,10%,Retail,South
SL0110,P054,2025-05-17,19,401.95,7637.05,0%,Retail,West
SL0111,P080,2025-06-10,40,188.78,7551.2,10%,Wholesale,East
SL0112,P009,2024-10-05,33,204.29,6741.57,15%,Retail,West
SL0113,P051,2024-09-08,38,93.69,3560.22,0%,Wholesale,North
SL0114,P060,2025-01-11,47,123.13,5787.11,10%,Wholesale,East
SL0115,P064,2025-01-21,24,269.11,6458.64,5%,Retail,South
SL0116,P001,2025-05-02,14,332.24,4651.36,10%,Retail,East
SL0117,P019,2024-10-19,20,45.82,916.4,15%,Wholesale,East
SL0118,P005,2025-06-15,11,181.94,2001.34,10%,Wholesale,North
SL0119,P096,2024-12-14,25,176.15,4403.75,15%,Retail,South
SL0120,P073,2024-08-20,20,168.08,3361.6,5%,Retail,North
SL0121,P075,2024-09-23,21,82.07,1723.47,5%,Wholesale,East
SL0122,P025,2024-08-22,43,151.38,6509.34,5%,Wholesale,South
SL0123,P019,2024-10-01,13,45.82,595.66,15%,Wholesale,West
SL0124,P036,2025-03-17,50,237.88,11894,15%,Wholesale,East
SL0125,P064,2024-07-16,29,283.27,8214.83,0%,Wholesale,West
SL0126,P080,2025-07-02,35,188.78,6607.3,10%,Retail,South
SL0127,P094,2025-01-23,15,237.48,3562.2,10%,Wholesale,East
SL0128,P027,2025-06-10,44,346.92,15264.48,15%,Retail,East
SL0129,P080,2024-07-12,48,178.3,8558.4,15%,Retail,South
SL0130,P050,2025-01-21,9,239.52,2155.68,10%,Retail,North
SL0131,P064,2024-07-07,21,254.94,5353.74,10%,Retail,North
SL0132,P022,2025-06-18,20,25.77,515.4,0%,Wholesale,North
SL0133,P035,2024-10-02,38,217.87,8279.06,5%,Wholesale,North
SL0134,P015,2025-05-09,34,344.33,11707.22,10%,Wholesale,North
SL0135,P010,2025-07-02,35,199.8,6993,10%,Wholesale,North
SL0136,P037,2025-03-16,30,279.48,8384.4,10%,Wholesale,East
SL0137,P069,2024-12-16,43,191.4,8230.2,0%,Wholesale,North
SL0138,P090,2024-12-14,34,164.04,5577.36,15%,Wholesale,South
SL0139,P084,2024-07-30,41,65.67,2692.47,0%,Wholesale,West
SL0140,P045,2025-03-03,30,135.59,4067.7,10%,Retail,East
SL0141,P099,2025-04-20,9,317.71,2859.39,10%,Retail,West
SL0142,P069,2025-01-18,26,172.26,4478.76,10%,Retail,East
SL0143,P095,2025-01-30,29,176.89,5129.81,0%,Wholesale,South
SL0144,P017,2024-11-05,39,191.86,7482.54,0%,Retail,South
SL0145,P020,2025-03-14,42,451.62,18968.04,5%,Wholesale,South
SL0146,P085,2025-04-02,23,155.24,3570.52,0%,Retail,North
SL0147,P051,2025-05-31,28,93.69,2623.32,0%,Wholesale,North
SL0148,P065,2024-12-22,36,60.17,2166.12,0%,Wholesale,East
SL0149,P023,2024-09-23,40,107.64,4305.6,0%,Retail,West
SL0150,P071,2024-12-02,50,288.75,14437.5,0%,Wholesale,West
SL0151,P071,2025-06-19,10,245.44,2454.4,15%,Wholesale,North
SL0152,P034,2025-03-15,14,9.4,131.6,15%,Retail,West
SL0153,P019,2025-06-06,44,51.21,2253.24,5%,Wholesale,North
SL0154,P001,2024-08-02,15,332.24,4983.6,10%,Retail,North
SL0155,P011,2024-08-18,24,144.43,3466.32,0%,Wholesale,West
SL0156,P079,2025-05-30,29,308.24,8938.96,15%,Wholesale,North
SL0157,P078,2025-02-14,7,168.96,1182.72,10%,Wholesale,West
SL0158,P062,2025-05-01,49,112.57,5515.93,0%,Wholesale,West
SL0159,P007,2024-12-30,15,76.35,1145.25,10%,Retail,East
SL0160,P028,2024-09-26,26,178.59,4643.34,10%,Wholesale,South
SL0161,P079,2025-04-25,28,326.37,9138.36,10%,Retail,South
SL0162,P020,2024-11-05,18,451.62,8129.16,5%,Retail,South
SL0163,P010,2025-04-09,39,222,8658,0%,Retail,West
SL0164,P097,2024-11-26,30,292.14,8764.2,10%,Retail,West
SL0165,P083,2024-12-11,1,272.87,272.87,15%,Wholesale,East
SL0166,P018,2024-11-10,36,352.99,12707.64,5%,Wholesale,East
SL0167,P063,2025-05-28,20,38.63,772.6,15%,Wholesale,North
SL0168,P069,2025-04-08,26,181.83,4727.58,5%,Retail,North
SL0169,P033,2024-10-23,19,142.6,2709.4,15%,Retail,East
SL0170,P067,2025-02-12,46,117.72,5415.12,0%,Retail,West
SL0171,P061,2024-10-12,24,317.83,7627.92,15%,Wholesale,West
SL0172,P067,2024-09-04,21,100.06,2101.26,15%,Retail,South
SL0173,P073,2024-08-29,5,159.24,796.2,10%,Wholesale,North
SL0174,P010,2025-01-19,17,222,3774,0%,Wholesale,South
SL0175,P082,2025-01-13,13,98.68,1282.84,15%,Retail,West
SL0176,P045,2025-05-11,36,135.59,4881.24,10%,Wholesale,East
SL0177,P068,2024-10-21,35,368.02,12880.7,15%,Retail,East
SL0178,P059,2025-02-18,5,409.94,2049.7,10%,Retail,West
SL0179,P030,2025-03-24,47,261.47,12289.09,0%,Wholesale,North
SL0180,P097,2025-01-08,18,292.14,5258.52,10%,Wholesale,North
SL0181,P051,2024-11-15,13,84.32,1096.16,10%,Wholesale,South
SL0182,P048,2025-06-11,15,400.71,6010.65,15%,Wholesale,South
SL0183,P088,2024-10-01,5,341.44,1707.2,10%,Wholesale,South
SL0184,P027,2025-06-15,43,408.14,17550.02,0%,Retail,South
SL0185,P098,2025-04-24,1,409.44,409.44,15%,Retail,West
SL0186,P036,2025-04-08,37,279.86,10354.82,0%,Retail,West
SL0187,P085,2024-09-03,27,131.95,3562.65,15%,Retail,West
SL0188,P053,2024-07-31,29,216.79,6286.91,15%,Retail,North
SL0189,P034,2025-01-30,28,11.06,309.68,0%,Retail,South
SL0190,P073,2025-04-28,46,159.24,7325.04,10%,Wholesale,South
SL0191,P082,2025-05-14,4,98.68,394.72,15%,Retail,North
SL0192,P051,2024-07-10,12,79.64,955.68,15%,Wholesale,North
SL0193,P075,2025-04-02,13,82.07,1066.91,5%,Wholesale,East
SL0194,P068,2025-02-15,7,411.31,2879.17,5%,Wholesale,West
SL0195,P093,2025-01-19,21,288.32,6054.72,0%,Wholesale,East
SL0196,P040,2025-03-12,29,235.68,6834.72,0%,Retail,West
SL0197,P097,2024-12-29,40,324.6,12984,0%,Retail,West
SL0198,P040,2025-01-29,14,212.11,2969.54,10%,Retail,South
SL0199,P029,2024-08-31,48,363.65,17455.2,0%,Wholesale,North
SL0200,P071,2025-01-27,11,259.88,2858.68,10%,Wholesale,South
SL0201,P022,2024-07-22,34,24.48,832.32,5%,Wholesale,East
SL0202,P075,2025-02-07,50,77.75,3887.5,10%,Retail,West
SL0203,P032,2025-06-01,22,186.3,4098.6,15%,Retail,South
SL0204,P050,2024-12-07,34,239.52,8143.68,10%,Wholesale,East
SL0205,P043,2025-03-19,45,444.09,19984.05,0%,Retail,West
SL0206,P051,2025-03-27,4,84.32,337.28,10%,Wholesale,West
SL0207,P067,2025-04-05,38,105.95,4026.1,10%,Wholesale,East
SL0208,P085,2024-09-18,15,147.48,2212.2,5%,Wholesale,South
SL0209,P075,2025-02-22,26,82.07,2133.82,5%,Wholesale,East
SL0210,P040,2025-06-28,49,200.33,9816.17,15%,Retail,South
SL0211,P061,2024-12-10,13,317.83,4131.79,15%,Wholesale,West
SL0212,P091,2024-10-23,41,33.56,1375.96,5%,Wholesale,South
SL0213,P044,2024-12-18,8,290.15,2321.2,0%,Retail,West
SL0214,P071,2024-07-12,33,274.31,9052.23,5%,Wholesale,North
SL0215,P008,2025-02-28,43,22,946,15%,Retail,North
SL0216,P029,2025-06-12,29,327.28,9491.12,10%,Retail,West
SL0217,P066,2024-10-31,35,225.79,7902.65,10%,Retail,South
SL0218,P027,2025-05-24,39,367.33,14325.87,10%,Retail,North
SL0219,P044,2024-09-11,13,275.64,3583.32,5%,Retail,South
SL0220,P085,2024-11-21,2,155.24,310.48,0%,Retail,North
SL0221,P056,2025-02-01,2,95.98,191.96,15%,Wholesale,West
SL0222,P067,2024-11-23,24,117.72,2825.28,0%,Retail,South
SL0223,P091,2025-04-01,37,31.8,1176.6,10%,Wholesale,South
SL0224,P075,2025-01-22,48,77.75,3732,10%,Retail,West
SL0225,P004,2024-10-07,38,315.33,11982.54,10%,Retail,South
SL0226,P064,2024-09-29,20,283.27,5665.4,0%,Wholesale,West
SL0227,P005,2024-09-30,41,181.94,7459.54,10%,Wholesale,East
SL0228,P073,2024-08-07,32,168.08,5378.56,5%,Retail,South
SL0229,P034,2025-01-07,27,11.06,298.62,0%,Wholesale,East
SL0230,P050,2025-04-24,31,266.13,8250.03,0%,Retail,West
SL0231,P058,2024-08-21,11,297.22,3269.42,10%,Retail,North
SL0232,P083,2025-05-19,38,304.97,11588.86,5%,Wholesale,West
SL0233,P031,2025-04-27,47,199.41,9372.27,10%,Retail,East
SL0234,P087,2025-03-23,48,216.57,10395.36,5%,Retail,South
SL0235,P001,2025-04-11,24,313.78,7530.72,15%,Retail,East
SL0236,P030,2024-12-07,39,222.25,8667.75,15%,Wholesale,East
SL0237,P097,2024-11-02,1,308.37,308.37,5%,Wholesale,North
SL0238,P048,2024-09-21,22,400.71,8815.62,15%,Retail,North
SL0239,P034,2025-06-03,5,10.51,52.55,5%,Retail,South
SL0240,P007,2024-12-16,6,84.83,508.98,0%,Retail,West
SL0241,P007,2024-09-05,7,84.83,593.81,0%,Wholesale,West
SL0242,P100,2024-12-08,8,111.14,889.12,0%,Wholesale,North
SL0243,P042,2024-11-28,21,178.24,3743.04,5%,Wholesale,North
SL0244,P039,2025-06-12,14,344.97,4829.58,10%,Retail,West
SL0245,P060,2024-10-27,47,116.29,5465.63,15%,Wholesale,East
SL0246,P013,2025-03-27,35,32.61,1141.35,5%,Wholesale,West
SL0247,P007,2025-01-04,40,80.59,3223.6,5%,Retail,South
SL0248,P028,2024-08-19,29,198.43,5754.47,0%,Wholesale,South
SL0249,P099,2024-11-17,23,335.36,7713.28,5%,Retail,East
SL0250,P081,2025-03-30,25,124.82,3120.5,15%,Retail,North
SL0251,P006,2025-02-27,21,211.23,4435.83,15%,Retail,East
SL0252,P075,2024-12-12,37,86.39,3196.43,0%,Retail,West
SL0253,P015,2024-12-24,26,363.46,9449.96,5%,Wholesale,East
SL0254,P085,2024-09-12,6,131.95,791.7,15%,Retail,West
SL0255,P059,2025-04-02,9,455.49,4099.41,0%,Wholesale,South
SL0256,P096,2024-08-03,46,196.88,9056.48,5%,Wholesale,North
SL0257,P048,2024-10-16,45,447.85,20153.25,5%,Wholesale,West
SL0258,P083,2024-11-23,10,321.02,3210.2,0%,Wholesale,South
SL0259,P091,2025-03-20,25,30.03,750.75,15%,Wholesale,South
SL0260,P035,2024-12-15,15,229.34,3440.1,0%,Retail,South
SL0261,P020,2024-08-07,9,427.85,3850.65,10%,Retail,South
SL0262,P028,2025-06-30,29,168.67,4891.43,15%,Retail,East
SL0263,P019,2024-10-02,43,51.21,2202.03,5%,Retail,East
SL0264,P063,2025-04-12,12,40.91,490.92,10%,Wholesale,North
SL0265,P064,2025-04-20,19,240.78,4574.82,15%,Wholesale,South
SL0266,P022,2025-03-25,33,21.9,722.7,15%,Wholesale,South
SL0267,P085,2024-12-11,14,147.48,2064.72,5%,Retail,South
SL0268,P047,2025-01-24,32,428.11,13699.52,0%,Wholesale,West
SL0269,P001,2024-07-15,37,369.15,13658.55,0%,Retail,East
SL0270,P075,2025-03-11,15,73.43,1101.45,15%,Wholesale,South
SL0271,P012,2024-09-13,24,344.18,8260.32,0%,Retail,West
SL0272,P090,2024-08-04,17,173.69,2952.73,10%,Retail,South
SL0273,P049,2024-10-14,24,395.2,9484.8,5%,Retail,East
SL0274,P011,2025-01-04,32,137.21,4390.72,5%,Retail,West
SL0275,P023,2025-04-09,41,91.49,3751.09,15%,Retail,South
SL0276,P042,2025-05-29,38,178.24,6773.12,5%,Retail,East
SL0277,P008,2025-06-16,9,22,198,15%,Wholesale,West
SL0278,P020,2025-05-14,2,475.39,950.78,0%,Wholesale,East
SL0279,P087,2024-11-19,49,205.17,10053.33,10%,Wholesale,East
SL0280,P031,2025-05-10,28,210.49,5893.72,5%,Wholesale,East
SL0281,P042,2024-10-24,1,168.86,168.86,10%,Wholesale,South
SL0282,P064,2024-10-10,36,269.11,9687.96,5%,Retail,North
SL0283,P054,2025-02-11,5,401.95,2009.75,0%,Wholesale,North
SL0284,P092,2024-10-12,8,298.4,2387.2,10%,Retail,South
SL0285,P001,2024-07-23,20,332.24,6644.8,10%,Retail,West
SL0286,P068,2025-06-16,50,368.02,18401,15%,Wholesale,North
SL0287,P096,2024-09-27,40,176.15,7046,15%,Retail,East
SL0288,P055,2024-09-20,8,106.13,849.04,5%,Retail,East
SL0289,P091,2025-05-01,17,30.03,510.51,15%,Retail,South
SL0290,P002,2025-06-30,30,388.79,11663.7,15%,Retail,East
SL0291,P058,2024-11-30,37,280.7,10385.9,15%,Wholesale,East
SL0292,P014,2025-01-17,46,262.03,12053.38,15%,Wholesale,South
SL0293,P024,2024-11-02,6,179.54,1077.24,0%,Wholesale,West
SL0294,P062,2024-08-29,31,95.68,2966.08,15%,Retail,North
SL0295,P024,2025-03-22,21,170.56,3581.76,5%,Wholesale,South
SL0296,P041,2024-10-02,17,386,6562,5%,Retail,South
SL0297,P008,2025-06-13,17,25.88,439.96,0%,Retail,North
SL0298,P055,2025-06-28,15,94.96,1424.4,15%,Retail,North
SL0299,P075,2024-11-11,8,73.43,587.44,15%,Retail,East
SL0300,P037,2024-11-01,35,279.48,9781.8,10%,Wholesale,West
SL0301,P014,2024-12-26,7,277.44,1942.08,10%,Retail,South
SL0302,P035,2025-06-14,32,206.41,6605.12,10%,Retail,West
SL0303,P081,2024-09-21,33,124.82,4119.06,15%,Wholesale,South
SL0304,P080,2025-03-09,18,178.3,3209.4,15%,Retail,North
SL0305,P042,2024-07-24,40,178.24,7129.6,5%,Wholesale,East
SL0306,P076,2025-02-06,50,481.17,24058.5,0%,Retail,West
SL0307,P024,2024-09-08,16,161.59,2585.44,10%,Wholesale,South
SL0308,P021,2024-10-18,39,240.22,9368.58,15%,Wholesale,West
SL0309,P078,2024-09-28,36,178.34,6420.24,5%,Wholesale,North
SL0310,P091,2025-01-15,31,31.8,985.8,10%,Wholesale,East
SL0311,P055,2025-07-06,45,106.13,4775.85,5%,Wholesale,South
SL0312,P090,2025-07-03,39,164.04,6397.56,15%,Retail,West
SL0313,P051,2024-10-05,3,84.32,252.96,10%,Retail,North
SL0314,P078,2025-04-16,48,168.96,8110.08,10%,Wholesale,West
SL0315,P082,2025-02-02,36,98.68,3552.48,15%,Wholesale,West
SL0316,P008,2024-10-02,1,22,22,15%,Wholesale,West
SL0317,P088,2024-09-23,10,360.41,3604.1,5%,Retail,East
SL0318,P087,2025-06-30,33,216.57,7146.81,5%,Retail,North
SL0319,P053,2024-12-10,46,242.3,11145.8,5%,Retail,East
SL0320,P044,2025-01-05,25,290.15,7253.75,0%,Wholesale,East
SL0321,P042,2025-02-16,4,168.86,675.44,10%,Wholesale,North
SL0322,P002,2025-06-24,24,457.4,10977.6,0%,Retail,South
SL0323,P045,2025-06-29,5,128.06,640.3,15%,Retail,West
SL0324,P090,2024-12-16,19,173.69,3300.11,10%,Wholesale,South
SL0325,P068,2024-08-04,24,432.96,10391.04,0%,Retail,East
SL0326,P060,2025-02-15,35,136.81,4788.35,0%,Wholesale,South
SL0327,P036,2024-11-07,1,237.88,237.88,15%,Retail,East
SL0328,P010,2024-11-03,30,199.8,5994,10%,Retail,West
SL0329,P055,2024-09-06,36,100.55,3619.8,10%,Wholesale,West
SL0330,P077,2025-06-28,23,369.65,8501.95,15%,Wholesale,North
SL0331,P010,2024-10-21,48,210.9,10123.2,5%,Retail,West
SL0332,P029,2024-12-01,17,327.28,5563.76,10%,Wholesale,East
SL0333,P091,2025-03-09,27,33.56,906.12,5%,Retail,East
SL0334,P084,2024-09-05,33,59.1,1950.3,10%,Wholesale,East
SL0335,P002,2025-06-14,29,457.4,13264.6,0%,Retail,South
SL0336,P036,2025-01-11,48,237.88,11418.24,15%,Wholesale,East
SL0337,P009,2025-04-06,26,240.34,6248.84,0%,Retail,North
SL0338,P091,2025-06-27,36,33.56,1208.16,5%,Wholesale,West
SL0339,P080,2025-05-12,26,199.27,5181.02,5%,Wholesale,East
SL0340,P007,2024-12-28,42,76.35,3206.7,10%,Retail,North
SL0341,P011,2024-12-24,29,144.43,4188.47,0%,Wholesale,East
SL0342,P043,2024-08-19,25,421.89,10547.25,5%,Wholesale,North
SL0343,P091,2024-08-31,47,30.03,1411.41,15%,Retail,West
SL0344,P037,2024-10-26,49,295,14455,5%,Retail,West
SL0345,P037,2024-11-28,19,295,5605,5%,Retail,West
SL0346,P007,2025-01-05,4,72.11,288.44,15%,Wholesale,West
SL0347,P018,2025-05-15,16,334.41,5350.56,10%,Wholesale,West
SL0348,P090,2024-10-29,12,183.34,2200.08,5%,Retail,North
SL0349,P096,2024-09-24,45,207.24,9325.8,0%,Retail,West
SL0350,P074,2025-02-12,44,299.12,13161.28,0%,Retail,North
SL0351,P094,2024-07-21,28,250.68,7019.04,5%,Wholesale,North
SL0352,P032,2025-03-29,35,186.3,6520.5,15%,Wholesale,North
SL0353,P037,2025-03-26,45,263.95,11877.75,15%,Retail,East
SL0354,P098,2025-01-15,21,433.52,9103.92,10%,Retail,West
SL0355,P057,2024-11-11,25,223.01,5575.25,15%,Retail,North
SL0356,P038,2024-08-02,10,123.24,1232.4,15%,Wholesale,North
SL0357,P017,2024-10-20,4,191.86,767.44,0%,Retail,East
SL0358,P038,2024-08-04,32,144.99,4639.68,0%,Retail,South
SL0359,P036,2024-10-08,23,251.87,5793.01,10%,Wholesale,North
SL0360,P070,2025-02-08,19,416.55,7914.45,0%,Wholesale,East
SL0361,P093,2025-01-19,46,259.49,11936.54,10%,Retail,West
SL0362,P011,2024-09-17,49,137.21,6723.29,5%,Wholesale,North
SL0363,P039,2024-10-08,27,383.3,10349.1,0%,Retail,South
SL0364,P100,2025-03-26,39,94.47,3684.33,15%,Retail,East
SL0365,P012,2024-08-30,36,292.55,10531.8,15%,Wholesale,West
SL0366,P009,2024-07-22,50,204.29,10214.5,15%,Retail,East
SL0367,P092,2024-11-09,40,298.4,11936,10%,Retail,South
SL0368,P052,2024-12-17,2,398.83,797.66,0%,Retail,South
SL0369,P014,2024-08-17,27,262.03,7074.81,15%,Wholesale,East
SL0370,P095,2025-01-11,23,150.36,3458.28,15%,Retail,South
SL0371,P095,2024-10-15,45,168.05,7562.25,5%,Retail,South
SL0372,P054,2025-03-21,19,381.85,7255.15,5%,Wholesale,East
SL0373,P031,2024-09-02,22,188.33,4143.26,15%,Wholesale,North
SL0374,P024,2024-09-25,11,161.59,1777.49,10%,Wholesale,East
SL0375,P084,2024-10-23,39,62.39,2433.21,5%,Wholesale,West
SL0376,P073,2024-11-18,48,168.08,8067.84,5%,Retail,South
SL0377,P086,2025-06-02,49,26.69,1307.81,5%,Retail,North
SL0378,P033,2025-02-16,8,159.38,1275.04,5%,Retail,East
SL0379,P098,2025-05-20,5,481.69,2408.45,0%,Wholesale,South
SL0380,P065,2024-11-25,20,51.14,1022.8,15%,Retail,South
SL0381,P036,2024-11-08,12,279.86,3358.32,0%,Wholesale,South
SL0382,P097,2024-10-28,23,292.14,6719.22,10%,Retail,North
SL0383,P045,2025-05-03,5,135.59,677.95,10%,Retail,East
SL0384,P081,2025-04-07,46,139.51,6417.46,5%,Retail,West
SL0385,P006,2025-05-17,49,248.51,12176.99,0%,Retail,South
SL0386,P068,2024-10-14,43,432.96,18617.28,0%,Wholesale,North
SL0387,P017,2024-07-22,13,182.27,2369.51,5%,Retail,North
SL0388,P005,2024-12-21,13,171.84,2233.92,15%,Retail,South
SL0389,P032,2024-09-08,41,208.22,8537.02,5%,Retail,North
SL0390,P023,2024-11-28,3,96.88,290.64,10%,Retail,East
SL0391,P011,2024-08-02,40,129.99,5199.6,10%,Retail,North
SL0392,P035,2025-01-17,27,194.94,5263.38,15%,Wholesale,South
SL0393,P043,2024-11-27,31,444.09,13766.79,0%,Wholesale,South
SL0394,P075,2025-01-02,44,86.39,3801.16,0%,Retail,North
SL0395,P069,2025-03-20,14,172.26,2411.64,10%,Wholesale,South
SL0396,P058,2024-09-20,29,313.73,9098.17,5%,Retail,South
SL0397,P010,2025-02-01,7,222,1554,0%,Retail,North
SL0398,P016,2025-04-06,46,236.68,10887.28,10%,Retail,North
SL0399,P088,2025-03-22,37,322.47,11931.39,15%,Wholesale,East
SL0400,P072,2024-07-12,19,193.99,3685.81,5%,Retail,South
SL0401,P022,2025-03-07,16,25.77,412.32,0%,Wholesale,South
SL0402,P029,2024-07-25,38,309.1,11745.8,15%,Wholesale,West
SL0403,P010,2025-02-03,27,222,5994,0%,Wholesale,East
SL0404,P085,2025-04-30,43,155.24,6675.32,0%,Retail,South
SL0405,P097,2024-07-12,10,275.91,2759.1,15%,Retail,South
SL0406,P070,2025-05-07,44,395.72,17411.68,5%,Retail,North
SL0407,P071,2025-02-19,32,288.75,9240,0%,Wholesale,North
SL0408,P028,2024-12-28,7,168.67,1180.69,15%,Retail,West
SL0409,P033,2024-08-04,13,142.6,1853.8,15%,Retail,North
SL0410,P081,2025-01-04,25,124.82,3120.5,15%,Wholesale,West
SL0411,P005,2025-05-04,24,171.84,4124.16,15%,Retail,North
SL0412,P033,2025-04-20,15,159.38,2390.7,5%,Wholesale,North
SL0413,P052,2025-02-26,6,358.95,2153.7,10%,Retail,East
SL0414,P063,2024-11-17,6,38.63,231.78,15%,Retail,East
SL0415,P042,2024-09-01,43,159.48,6857.64,15%,Wholesale,South
SL0416,P018,2025-03-06,10,371.57,3715.7,0%,Retail,East
SL0417,P034,2025-04-17,30,9.4,282,15%,Wholesale,East
SL0418,P056,2024-12-28,37,107.27,3968.99,5%,Retail,North
SL0419,P096,2024-10-27,21,196.88,4134.48,5%,Wholesale,East
SL0420,P021,2024-11-05,39,254.35,9919.65,10%,Wholesale,South
SL0421,P070,2025-04-27,7,395.72,2770.04,5%,Retail,West
SL0422,P071,2025-06-15,15,288.75,4331.25,0%,Retail,West
SL0423,P085,2024-10-08,46,147.48,6784.08,5%,Wholesale,North
SL0424,P026,2024-12-17,32,442.84,14170.88,0%,Wholesale,East
SL0425,P067,2025-01-22,1,105.95,105.95,10%,Wholesale,East
SL0426,P033,2024-08-15,45,167.77,7549.65,0%,Retail,West
SL0427,P095,2025-03-19,33,176.89,5837.37,0%,Retail,West
SL0428,P030,2025-02-02,15,235.32,3529.8,10%,Retail,South
SL0429,P065,2024-10-22,40,60.17,2406.8,0%,Retail,South
SL0430,P047,2025-01-29,45,385.3,17338.5,10%,Wholesale,South
SL0431,P002,2025-04-18,30,411.66,12349.8,10%,Retail,North
SL0432,P090,2024-10-23,13,173.69,2257.97,10%,Retail,East
SL0433,P079,2025-03-12,22,344.5,7579,5%,Wholesale,North
SL0434,P089,2024-07-28,33,391.01,12903.33,10%,Wholesale,North
SL0435,P037,2025-07-04,1,263.95,263.95,15%,Wholesale,North
SL0436,P042,2024-12-24,1,159.48,159.48,15%,Wholesale,West
SL0437,P083,2024-09-02,25,321.02,8025.5,0%,Retail,North
SL0438,P082,2025-02-13,35,110.29,3860.15,5%,Wholesale,North
SL0439,P023,2024-09-07,18,107.64,1937.52,0%,Retail,West
SL0440,P077,2025-03-28,22,369.65,8132.3,15%,Wholesale,North
SL0441,P068,2025-05-20,48,368.02,17664.96,15%,Wholesale,West
SL0442,P027,2024-12-28,38,346.92,13182.96,15%,Retail,West
SL0443,P079,2024-07-29,43,362.63,15593.09,0%,Wholesale,South
SL0444,P013,2025-05-10,31,29.18,904.58,15%,Retail,East
SL0445,P051,2025-05-05,29,93.69,2717.01,0%,Retail,East
SL0446,P068,2025-06-02,23,432.96,9958.08,0%,Retail,South
SL0447,P091,2025-04-30,34,33.56,1141.04,5%,Wholesale,North
SL0448,P044,2025-04-02,19,246.63,4685.97,15%,Wholesale,North
SL0449,P021,2025-06-20,9,282.61,2543.49,0%,Wholesale,South
SL0450,P017,2025-07-01,26,182.27,4739.02,5%,Wholesale,North
SL0451,P007,2025-05-17,46,84.83,3902.18,0%,Retail,East
SL0452,P054,2024-07-27,35,401.95,14068.25,0%,Wholesale,South
SL0453,P006,2024-11-15,46,248.51,11431.46,0%,Retail,East
SL0454,P086,2024-10-24,3,28.09,84.27,0%,Wholesale,South
SL0455,P013,2024-12-05,4,29.18,116.72,15%,Retail,South
SL0456,P089,2025-03-22,6,412.74,2476.44,5%,Wholesale,South
SL0457,P073,2025-01-26,44,168.08,7395.52,5%,Retail,East
SL0458,P086,2025-01-28,21,25.28,530.88,10%,Retail,North
SL0459,P038,2025-01-13,36,130.49,4697.64,10%,Wholesale,West
SL0460,P077,2024-08-14,2,434.88,869.76,0%,Wholesale,East
SL0461,P037,2025-01-18,35,279.48,9781.8,10%,Retail,East
SL0462,P049,2024-08-07,34,395.2,13436.8,5%,Retail,West
SL0463,P001,2024-08-03,42,332.24,13954.08,10%,Wholesale,East
SL0464,P020,2024-12-09,32,475.39,15212.48,0%,Wholesale,South
SL0465,P046,2024-08-14,41,75.42,3092.22,10%,Retail,South
SL0466,P055,2025-03-19,2,106.13,212.26,5%,Wholesale,South
SL0467,P048,2025-01-28,33,400.71,13223.43,15%,Retail,South
SL0468,P098,2024-10-06,20,433.52,8670.4,10%,Retail,South
SL0469,P089,2025-05-05,7,391.01,2737.07,10%,Wholesale,East
SL0470,P009,2025-04-14,38,228.32,8676.16,5%,Retail,West
SL0471,P096,2025-02-23,40,186.52,7460.8,10%,Wholesale,West
SL0472,P001,2024-10-07,38,313.78,11923.64,15%,Wholesale,North
SL0473,P009,2024-08-23,41,204.29,8375.89,15%,Retail,South
SL0474,P071,2024-12-16,45,245.44,11044.8,15%,Wholesale,West
SL0475,P068,2024-12-13,33,411.31,13573.23,5%,Wholesale,West
SL0476,P011,2024-07-09,42,144.43,6066.06,0%,Retail,South
SL0477,P041,2025-06-04,37,406.32,15033.84,0%,Wholesale,West
SL0478,P029,2024-08-01,4,345.47,1381.88,5%,Wholesale,North
SL0479,P033,2024-11-07,23,150.99,3472.77,10%,Retail,North
SL0480,P052,2024-08-10,8,358.95,2871.6,10%,Retail,East
SL0481,P057,2025-03-02,12,262.36,3148.32,0%,Wholesale,East
SL0482,P054,2025-04-16,31,341.66,10591.46,15%,Retail,East
SL0483,P002,2024-10-23,46,434.53,19988.38,5%,Retail,North
SL0484,P091,2024-08-16,10,31.8,318,10%,Retail,West
SL0485,P077,2024-10-05,43,434.88,18699.84,0%,Retail,East
SL0486,P049,2025-06-24,35,374.4,13104,10%,Retail,East
SL0487,P051,2025-04-27,3,79.64,238.92,15%,Wholesale,West
SL0488,P018,2024-07-21,19,315.83,6000.77,15%,Wholesale,South
SL0489,P092,2025-03-10,50,331.56,16578,0%,Retail,West
SL0490,P043,2025-05-15,26,421.89,10969.14,5%,Retail,South
SL0491,P056,2025-05-29,30,112.92,3387.6,0%,Retail,North
SL0492,P030,2024-12-30,50,235.32,11766,10%,Retail,North
SL0493,P035,2025-01-05,8,206.41,1651.28,10%,Wholesale,West
SL0494,P100,2024-12-31,15,94.47,1417.05,15%,Wholesale,North
SL0495,P036,2025-06-20,1,237.88,237.88,15%,Wholesale,North
SL0496,P056,2024-12-22,29,101.63,2947.27,10%,Wholesale,North
SL0497,P006,2024-07-28,4,223.66,894.64,10%,Retail,South
SL0498,P077,2025-01-19,7,413.14,2891.98,5%,Wholesale,South
SL0499,P023,2025-03-03,38,91.49,3476.62,15%,Retail,East
SL0500,P031,2025-02-07,35,221.57,7754.95,0%,Wholesale,West
SL0501,P090,2025-02-06,4,192.99,771.96,0%,Retail,East
SL0502,P055,2025-01-20,17,94.96,1614.32,15%,Retail,West
SL0503,P092,2024-07-25,38,314.98,11969.24,5%,Retail,West
SL0504,P065,2024-11-10,6,60.17,361.02,0%,Wholesale,North
SL0505,P020,2024-10-30,15,475.39,7130.85,0%,Wholesale,East
SL0506,P044,2025-02-23,7,290.15,2031.05,0%,Wholesale,East
SL0507,P084,2024-11-09,28,65.67,1838.76,0%,Wholesale,West
SL0508,P045,2025-05-28,2,143.13,286.26,5%,Retail,South
SL0509,P093,2025-05-26,27,288.32,7784.64,0%,Wholesale,North
SL0510,P031,2025-02-05,49,221.57,10856.93,0%,Wholesale,South
SL0511,P002,2024-09-21,26,434.53,11297.78,5%,Retail,West
SL0512,P017,2025-03-23,34,163.08,5544.72,15%,Retail,East
SL0513,P088,2024-07-17,11,379.38,4173.18,0%,Retail,East
SL0514,P048,2024-09-14,44,447.85,19705.4,5%,Retail,South
SL0515,P047,2025-02-13,39,385.3,15026.7,10%,Wholesale,North
SL0516,P006,2024-12-08,27,236.08,6374.16,5%,Wholesale,South
SL0517,P075,2025-01-08,30,82.07,2462.1,5%,Retail,East
SL0518,P011,2025-03-18,42,137.21,5762.82,5%,Wholesale,West
SL0519,P063,2024-08-24,23,38.63,888.49,15%,Retail,North
SL0520,P082,2025-02-22,34,98.68,3355.12,15%,Retail,North
SL0521,P065,2024-11-08,16,60.17,962.72,0%,Wholesale,North
SL0522,P029,2024-07-24,6,309.1,1854.6,15%,Retail,East
SL0523,P086,2025-05-15,28,26.69,747.32,5%,Wholesale,East
SL0524,P034,2024-07-17,45,9.4,423,15%,Wholesale,East
SL0525,P003,2024-10-08,29,375.66,10894.14,0%,Retail,East
SL0526,P098,2024-09-02,15,409.44,6141.6,15%,Retail,South
SL0527,P087,2024-08-06,46,216.57,9962.22,5%,Retail,South
SL0528,P078,2024-09-24,17,159.57,2712.69,15%,Wholesale,East
SL0529,P035,2024-12-17,33,194.94,6433.02,15%,Retail,West
SL0530,P033,2024-10-03,46,159.38,7331.48,5%,Retail,South
SL0531,P083,2024-10-02,41,321.02,13161.82,0%,Retail,North
SL0532,P099,2025-03-30,22,335.36,7377.92,5%,Retail,East
SL0533,P057,2025-03-21,13,249.24,3240.12,5%,Wholesale,South
SL0534,P023,2025-05-21,19,91.49,1738.31,15%,Retail,West
SL0535,P077,2025-03-03,21,413.14,8675.94,5%,Wholesale,East
SL0536,P033,2024-07-28,27,142.6,3850.2,15%,Retail,West
SL0537,P013,2025-03-21,12,32.61,391.32,5%,Retail,South
SL0538,P061,2025-01-03,7,317.83,2224.81,15%,Wholesale,South
SL0539,P039,2025-01-20,43,344.97,14833.71,10%,Wholesale,West
SL0540,P073,2025-04-25,46,150.39,6917.94,15%,Retail,West
SL0541,P013,2024-07-24,21,34.33,720.93,0%,Wholesale,South
SL0542,P043,2024-08-29,34,444.09,15099.06,0%,Wholesale,North
SL0543,P086,2024-09-19,38,28.09,1067.42,0%,Retail,North
SL0544,P017,2025-02-12,24,163.08,3913.92,15%,Retail,South
SL0545,P080,2025-01-23,49,178.3,8736.7,15%,Retail,West
SL0546,P048,2025-06-09,31,424.28,13152.68,10%,Wholesale,East
SL0547,P074,2025-03-09,2,269.21,538.42,10%,Retail,South
SL0548,P011,2025-01-12,34,122.77,4174.18,15%,Wholesale,East
SL0549,P008,2024-08-12,15,24.59,368.85,5%,Wholesale,South
SL0550,P048,2024-09-24,34,400.71,13624.14,15%,Wholesale,North
SL0551,P087,2024-10-18,29,216.57,6280.53,5%,Retail,East
SL0552,P005,2025-02-13,33,181.94,6004.02,10%,Retail,North
SL0553,P043,2025-02-12,17,399.68,6794.56,10%,Retail,North
SL0554,P020,2024-07-20,5,475.39,2376.95,0%,Retail,South
SL0555,P015,2024-08-19,37,325.2,12032.4,15%,Retail,South
SL0556,P083,2024-07-18,33,304.97,10064.01,5%,Retail,North
SL0557,P008,2024-12-08,21,23.29,489.09,10%,Retail,North
SL0558,P069,2024-08-25,17,172.26,2928.42,10%,Retail,South
SL0559,P095,2025-05-09,21,168.05,3529.05,5%,Wholesale,West
SL0560,P014,2025-01-08,40,308.27,12330.8,0%,Retail,South
SL0561,P036,2025-03-18,33,279.86,9235.38,0%,Retail,North
SL0562,P054,2024-12-25,50,401.95,20097.5,0%,Retail,West
SL0563,P009,2025-01-08,50,204.29,10214.5,15%,Retail,South
SL0564,P022,2025-02-18,5,23.19,115.95,10%,Retail,North
SL0565,P020,2025-02-10,45,427.85,19253.25,10%,Wholesale,West
SL0566,P022,2024-08-20,5,21.9,109.5,15%,Wholesale,North
SL0567,P068,2025-02-01,7,432.96,3030.72,0%,Wholesale,North
SL0568,P002,2024-08-14,7,388.79,2721.53,15%,Wholesale,East
SL0569,P038,2025-06-23,27,130.49,3523.23,10%,Retail,West
SL0570,P098,2024-07-27,1,433.52,433.52,10%,Retail,South
SL0571,P076,2025-01-07,9,481.17,4330.53,0%,Retail,East
SL0572,P031,2025-05-11,29,210.49,6104.21,5%,Wholesale,South
SL0573,P001,2024-11-14,26,350.69,9117.94,5%,Wholesale,East
SL0574,P018,2025-05-14,50,371.57,18578.5,0%,Retail,West
SL0575,P087,2024-11-09,27,205.17,5539.59,10%,Wholesale,West
SL0576,P072,2024-11-21,47,193.99,9117.53,5%,Wholesale,East
SL0577,P018,2025-05-15,10,334.41,3344.1,10%,Retail,South
SL0578,P067,2025-04-19,27,117.72,3178.44,0%,Wholesale,North
SL0579,P034,2025-03-08,48,9.95,477.6,10%,Wholesale,South
SL0580,P008,2025-04-14,21,22,462,15%,Wholesale,South
SL0581,P083,2024-07-08,35,272.87,9550.45,15%,Wholesale,East
SL0582,P032,2025-05-07,8,208.22,1665.76,5%,Retail,North
SL0583,P013,2024-09-02,37,32.61,1206.57,5%,Wholesale,North
SL0584,P079,2024-12-10,14,362.63,5076.82,0%,Wholesale,South
SL0585,P095,2025-03-15,35,159.2,5572,10%,Retail,North
SL0586,P051,2025-04-10,14,84.32,1180.48,10%,Wholesale,South
SL0587,P067,2025-06-25,12,105.95,1271.4,10%,Wholesale,South
SL0588,P047,2024-12-14,41,428.11,17552.51,0%,Wholesale,North
SL0589,P087,2025-05-23,40,227.97,9118.8,0%,Wholesale,West
SL0590,P008,2024-08-09,19,24.59,467.21,5%,Retail,North
SL0591,P046,2024-12-18,19,75.42,1432.98,10%,Retail,South
SL0592,P075,2024-08-31,3,86.39,259.17,0%,Wholesale,North
SL0593,P019,2024-11-17,12,51.21,614.52,5%,Wholesale,East
SL0594,P038,2025-03-21,5,137.74,688.7,5%,Wholesale,North
SL0595,P026,2024-08-03,41,420.7,17248.7,5%,Wholesale,South
SL0596,P044,2024-11-29,24,261.13,6267.12,10%,Retail,West
SL0597,P029,2024-12-01,14,309.1,4327.4,15%,Retail,North
SL0598,P018,2024-08-14,18,315.83,5684.94,15%,Wholesale,South
SL0599,P051,2024-09-22,41,89.01,3649.41,5%,Wholesale,South
SL0600,P099,2024-12-08,36,300.06,10802.16,15%,Wholesale,North
SL0601,P010,2025-03-31,50,210.9,10545,5%,Wholesale,East
SL0602,P077,2024-07-27,5,391.39,1956.95,10%,Retail,North
SL0603,P056,2024-07-19,36,95.98,3455.28,15%,Retail,North
SL0604,P041,2025-06-01,8,386,3088,5%,Wholesale,South
SL0605,P076,2025-01-09,39,481.17,18765.63,0%,Retail,South
SL0606,P088,2025-05-01,18,322.47,5804.46,15%,Retail,West
SL0607,P038,2025-03-07,15,137.74,2066.1,5%,Retail,South
SL0608,P063,2025-07-01,1,45.45,45.45,0%,Wholesale,East
SL0609,P040,2024-10-21,13,223.9,2910.7,5%,Wholesale,North
SL0610,P041,2024-12-11,28,406.32,11376.96,0%,Wholesale,South
SL0611,P081,2025-05-04,11,124.82,1373.02,15%,Retail,South
SL0612,P052,2025-02-14,39,358.95,13999.05,10%,Wholesale,North
SL0613,P095,2024-07-26,14,159.2,2228.8,10%,Wholesale,East
SL0614,P030,2024-09-24,49,261.47,12812.03,0%,Retail,West
SL0615,P094,2025-03-12,3,224.29,672.87,15%,Retail,West
SL0616,P059,2025-04-14,42,387.17,16261.14,15%,Retail,East
SL0617,P073,2024-09-18,10,168.08,1680.8,5%,Wholesale,South
SL0618,P093,2025-06-16,13,259.49,3373.37,10%,Wholesale,North
SL0619,P008,2024-08-28,11,22,242,15%,Retail,West
SL0620,P048,2024-10-23,9,424.28,3818.52,10%,Retail,East
SL0621,P038,2024-12-13,4,144.99,579.96,0%,Retail,East
SL0622,P019,2024-10-22,13,51.21,665.73,5%,Wholesale,West
SL0623,P048,2024-11-04,49,400.71,19634.79,15%,Retail,West
SL0624,P069,2024-07-10,41,181.83,7455.03,5%,Retail,North
SL0625,P039,2025-05-24,17,325.81,5538.77,15%,Retail,South
SL0626,P065,2024-12-29,43,60.17,2587.31,0%,Retail,West
SL0627,P100,2024-10-31,41,100.03,4101.23,10%,Wholesale,South
SL0628,P021,2024-11-06,9,254.35,2289.15,10%,Wholesale,West
SL0629,P032,2024-11-06,10,208.22,2082.2,5%,Wholesale,North
SL0630,P067,2025-05-11,13,105.95,1377.35,10%,Retail,North
SL0631,P011,2025-05-27,3,144.43,433.29,0%,Wholesale,South
SL0632,P040,2024-10-07,3,212.11,636.33,10%,Retail,South
SL0633,P063,2025-03-21,49,38.63,1892.87,15%,Retail,North
SL0634,P028,2025-01-21,37,168.67,6240.79,15%,Retail,North
SL0635,P039,2024-08-06,46,325.81,14987.26,15%,Wholesale,South
SL0636,P095,2024-07-10,23,176.89,4068.47,0%,Wholesale,North
SL0637,P017,2025-04-21,46,163.08,7501.68,15%,Retail,South
SL0638,P064,2024-12-05,11,283.27,3115.97,0%,Wholesale,West
SL0639,P091,2025-01-24,28,31.8,890.4,10%,Retail,South
SL0640,P030,2024-11-24,1,222.25,222.25,15%,Retail,North
SL0641,P035,2024-12-26,46,229.34,10549.64,0%,Wholesale,East
SL0642,P065,2025-06-04,26,60.17,1564.42,0%,Retail,South
SL0643,P091,2025-04-13,49,33.56,1644.44,5%,Retail,South
SL0644,P033,2025-04-10,21,167.77,3523.17,0%,Wholesale,East
SL0645,P066,2024-10-26,11,225.79,2483.69,10%,Retail,South
SL0646,P041,2025-03-13,31,345.37,10706.47,15%,Retail,North
SL0647,P086,2024-08-30,43,23.88,1026.84,15%,Retail,West
SL0648,P048,2025-02-26,17,424.28,7212.76,10%,Retail,North
SL0649,P054,2024-10-24,16,381.85,6109.6,5%,Wholesale,East
SL0650,P026,2025-06-12,46,442.84,20370.64,0%,Wholesale,West
SL0651,P059,2024-11-17,7,455.49,3188.43,0%,Retail,North
SL0652,P018,2025-05-16,12,371.57,4458.84,0%,Wholesale,South
SL0653,P019,2024-10-19,30,53.91,1617.3,0%,Retail,West
SL0654,P032,2025-07-05,29,219.18,6356.22,0%,Retail,South
SL0655,P073,2024-08-15,5,159.24,796.2,10%,Retail,West
SL0656,P023,2025-06-09,22,102.26,2249.72,5%,Wholesale,North
SL0657,P082,2024-10-04,50,110.29,5514.5,5%,Retail,North
SL0658,P055,2025-04-19,48,111.72,5362.56,0%,Wholesale,West
SL0659,P047,2024-07-25,13,385.3,5008.9,10%,Retail,South
SL0660,P043,2025-01-28,46,377.48,17364.08,15%,Retail,East
SL0661,P065,2024-07-26,34,60.17,2045.78,0%,Wholesale,North
SL0662,P032,2024-07-23,27,208.22,5621.94,5%,Retail,East
SL0663,P021,2025-01-06,19,254.35,4832.65,10%,Wholesale,North
SL0664,P072,2024-09-29,14,204.2,2858.8,0%,Retail,North
SL0665,P058,2025-06-24,48,280.7,13473.6,15%,Wholesale,North
SL0666,P030,2024-09-06,1,261.47,261.47,0%,Retail,North
SL0667,P080,2025-01-13,23,199.27,4583.21,5%,Retail,North
SL0668,P045,2025-01-15,8,128.06,1024.48,15%,Wholesale,North
SL0669,P090,2025-06-17,4,183.34,733.36,5%,Retail,North
SL0670,P026,2024-08-20,29,420.7,12200.3,5%,Retail,North
SL0671,P063,2025-07-04,33,40.91,1350.03,10%,Retail,East
SL0672,P060,2025-01-21,20,123.13,2462.6,10%,Retail,South
SL0673,P048,2025-05-12,9,400.71,3606.39,15%,Wholesale,West
SL0674,P068,2025-01-20,18,368.02,6624.36,15%,Retail,South
SL0675,P018,2025-04-04,1,334.41,334.41,10%,Wholesale,West
SL0676,P063,2024-08-14,40,43.18,1727.2,5%,Wholesale,West
SL0677,P089,2025-05-15,43,412.74,17747.82,5%,Wholesale,West
SL0678,P094,2024-12-14,39,263.87,10290.93,0%,Retail,North
SL0679,P073,2025-06-07,33,159.24,5254.92,10%,Wholesale,West
SL0680,P099,2025-03-06,20,335.36,6707.2,5%,Wholesale,North
SL0681,P042,2025-02-18,38,168.86,6416.68,10%,Wholesale,North
SL0682,P012,2025-03-04,36,326.97,11770.92,5%,Wholesale,North
SL0683,P036,2025-03-30,11,251.87,2770.57,10%,Wholesale,East
SL0684,P003,2024-09-16,24,356.88,8565.12,5%,Wholesale,West
SL0685,P060,2024-10-04,33,129.97,4289.01,5%,Wholesale,West
SL0686,P082,2025-06-04,6,98.68,592.08,15%,Wholesale,East
SL0687,P034,2025-02-20,19,11.06,210.14,0%,Wholesale,North
SL0688,P085,2024-12-31,50,155.24,7762,0%,Wholesale,West
SL0689,P051,2025-02-17,40,84.32,3372.8,10%,Retail,West
SL0690,P018,2025-02-24,14,371.57,5201.98,0%,Retail,West
SL0691,P092,2024-08-09,27,314.98,8504.46,5%,Retail,South
SL0692,P073,2025-02-13,33,159.24,5254.92,10%,Retail,East
SL0693,P091,2024-08-08,25,33.56,839,5%,Retail,West
SL0694,P083,2024-09-07,42,288.92,12134.64,10%,Retail,North
SL0695,P086,2024-11-05,29,26.69,774.01,5%,Wholesale,East
SL0696,P026,2025-06-19,44,376.41,16562.04,15%,Wholesale,East
SL0697,P047,2025-03-16,29,428.11,12415.19,0%,Wholesale,South
SL0698,P013,2025-01-29,13,29.18,379.34,15%,Retail,East
SL0699,P085,2025-05-26,34,131.95,4486.3,15%,Retail,North
SL0700,P098,2025-06-08,45,433.52,19508.4,10%,Retail,East
SL0701,P040,2024-10-24,27,223.9,6045.3,5%,Wholesale,South
SL0702,P072,2024-12-28,3,204.2,612.6,0%,Retail,South
SL0703,P073,2024-09-19,17,150.39,2556.63,15%,Retail,East
SL0704,P034,2025-02-14,23,9.95,228.85,10%,Retail,West
SL0705,P090,2025-06-17,33,183.34,6050.22,5%,Retail,North
SL0706,P075,2025-02-23,4,77.75,311,10%,Retail,East
SL0707,P083,2024-08-09,45,272.87,12279.15,15%,Retail,West
SL0708,P012,2025-03-14,19,326.97,6212.43,5%,Retail,South
SL0709,P079,2024-07-29,47,362.63,17043.61,0%,Retail,North
SL0710,P087,2024-11-25,36,205.17,7386.12,10%,Retail,West
SL0711,P003,2024-08-16,27,319.31,8621.37,15%,Retail,East
SL0712,P014,2025-02-01,49,262.03,12839.47,15%,Wholesale,North
SL0713,P056,2025-07-07,31,112.92,3500.52,0%,Retail,South
SL0714,P037,2024-09-19,17,310.53,5279.01,0%,Retail,South
SL0715,P059,2024-12-15,3,455.49,1366.47,0%,Retail,West
SL0716,P039,2025-04-09,37,364.13,13472.81,5%,Retail,West
SL0717,P095,2025-02-03,44,168.05,7394.2,5%,Wholesale,East
SL0718,P038,2024-09-07,17,130.49,2218.33,10%,Wholesale,South
SL0719,P091,2024-08-17,45,33.56,1510.2,5%,Retail,North
SL0720,P025,2024-08-04,31,143.41,4445.71,10%,Wholesale,East
SL0721,P010,2025-07-05,48,222,10656,0%,Wholesale,East
SL0722,P082,2025-02-09,7,98.68,690.76,15%,Retail,South
SL0723,P057,2024-09-07,15,249.24,3738.6,5%,Retail,East
SL0724,P068,2025-06-20,40,432.96,17318.4,0%,Wholesale,West
SL0725,P033,2024-10-15,38,142.6,5418.8,15%,Wholesale,West
SL0726,P050,2025-03-21,37,266.13,9846.81,0%,Wholesale,West
SL0727,P035,2025-04-08,6,229.34,1376.04,0%,Wholesale,East
SL0728,P046,2025-01-07,49,71.23,3490.27,15%,Retail,North
SL0729,P092,2024-11-28,25,314.98,7874.5,5%,Retail,North
SL0730,P058,2024-08-10,47,280.7,13192.9,15%,Wholesale,East
SL0731,P071,2024-07-09,9,274.31,2468.79,5%,Retail,West
SL0732,P094,2024-11-13,44,237.48,10449.12,10%,Retail,South
SL0733,P020,2024-10-04,48,475.39,22818.72,0%,Retail,West
SL0734,P033,2024-07-08,7,150.99,1056.93,10%,Retail,East
SL0735,P053,2024-11-17,28,229.55,6427.4,10%,Wholesale,North
SL0736,P008,2025-01-20,31,24.59,762.29,5%,Retail,South
SL0737,P089,2024-07-30,2,391.01,782.02,10%,Retail,South
SL0738,P091,2025-04-02,9,35.33,317.97,0%,Retail,North
SL0739,P093,2024-10-15,28,273.9,7669.2,5%,Retail,East
SL0740,P016,2025-01-18,48,236.68,11360.64,10%,Wholesale,South
SL0741,P096,2024-08-01,9,176.15,1585.35,15%,Wholesale,South
SL0742,P061,2025-04-28,37,355.22,13143.14,5%,Wholesale,West
SL0743,P052,2025-01-15,36,339.01,12204.36,15%,Retail,East
SL0744,P005,2024-08-28,14,192.05,2688.7,5%,Retail,South
SL0745,P019,2024-11-25,10,45.82,458.2,15%,Retail,West
SL0746,P092,2025-05-30,33,298.4,9847.2,10%,Wholesale,West
SL0747,P089,2025-04-28,11,391.01,4301.11,10%,Wholesale,South
SL0748,P078,2024-11-08,11,159.57,1755.27,15%,Retail,West
SL0749,P047,2025-01-14,48,385.3,18494.4,10%,Retail,North
SL0750,P010,2024-08-10,9,210.9,1898.1,5%,Retail,South
