TransactionID,VendorID,VendorName,OrderDate,ProductID,Quantity,UnitCost,TotalCost,PaymentTerms,DeliveryDays
TX0001,VN002,"Berger, Woods and Lloyd",2024-12-30,P095,55,90.81,4994.55,Net 30,8
TX0002,VN002,"Berger, Woods and Lloyd",2025-04-09,P073,99,109.97,10887.03,Net 15,2
TX0003,VN008,"Carey, Shaw and Mahoney",2024-07-19,P080,162,136.33,22085.46,Net 45,3
TX0004,VN001,"Molina, Wang and Woodard",2024-11-18,P051,35,51.73,1810.55,Net 30,4
TX0005,VN003,"Stanley, Buchanan and Walter",2024-11-24,P087,104,198,20592,Net 15,7
TX0006,VN004,"Drake, Perez and Murphy",2025-04-18,P093,86,200.98,17284.28,Net 45,10
TX0007,VN010,"Cruz, Robertson and Thomas",2025-02-14,P016,23,151.04,3473.92,Net 15,3
TX0008,VN009,Maddox Group,2024-11-03,P071,23,161.96,3725.08,COD,1
TX0009,VN002,"Berger, Woods and Lloyd",2025-03-11,P087,170,190.53,32390.1,Net 45,10
TX0010,VN008,"Carey, Shaw and Mahoney",2024-11-08,P074,190,148.27,28171.3,COD,3
TX0011,VN009,Maddox Group,2025-04-05,P032,134,185.64,24875.76,Net 15,6
TX0012,VN012,George-Taylor,2025-06-25,P006,83,211.64,17566.12,Net 30,9
TX0013,VN020,Johnson Inc,2024-08-30,P025,114,89.71,10226.94,Net 15,8
TX0014,VN016,Torres-Allen,2024-09-21,P077,75,236.18,17713.5,Net 30,9
TX0015,VN011,Cook Inc,2025-01-17,P037,47,242.94,11418.18,Net 15,10
TX0016,VN004,"Drake, Perez and Murphy",2024-10-21,P080,167,144.64,24154.88,Net 45,8
TX0017,VN019,Perkins-Robinson,2024-12-22,P073,67,97.33,6521.11,Net 45,5
TX0018,VN011,Cook Inc,2024-11-23,P092,138,237.69,32801.22,Net 30,7
TX0019,VN007,Watson Ltd,2025-03-10,P073,103,98.62,10157.86,Net 30,8
TX0020,VN015,Moore PLC,2024-10-13,P044,199,238.65,47491.35,Net 15,4
TX0021,VN020,Johnson Inc,2025-04-16,P028,67,109.47,7334.49,Net 15,3
TX0022,VN012,George-Taylor,2025-02-19,P051,146,59.28,8654.88,COD,7
TX0023,VN005,Carr-Smith,2024-09-19,P012,42,225.04,9451.68,Net 45,5
TX0024,VN010,"Cruz, Robertson and Thomas",2024-12-24,P037,22,235.07,5171.54,Net 15,2
TX0025,VN013,Townsend Inc,2025-04-04,P086,51,18.92,964.92,Net 45,9
TX0026,VN019,Perkins-Robinson,2025-05-03,P008,159,17.64,2804.76,Net 45,10
TX0027,VN007,Watson Ltd,2024-08-24,P009,115,210.3,24184.5,COD,2
TX0028,VN001,"Molina, Wang and Woodard",2024-11-03,P027,190,303.3,57627,Net 15,7
TX0029,VN014,"Evans, Simmons and Johnson",2024-10-27,P070,51,212.28,10826.28,COD,7
TX0030,VN006,Morales LLC,2024-10-23,P081,107,123.56,13220.92,Net 45,8
TX0031,VN019,Perkins-Robinson,2025-04-22,P008,177,14.96,2647.92,Net 15,10
TX0032,VN014,"Evans, Simmons and Johnson",2024-12-14,P054,116,272.79,31643.64,COD,3
TX0033,VN016,Torres-Allen,2025-02-01,P065,170,40.02,6803.4,Net 15,8
TX0034,VN001,"Molina, Wang and Woodard",2025-05-29,P099,93,227.66,21172.38,Net 15,7
TX0035,VN014,"Evans, Simmons and Johnson",2024-12-10,P037,116,255.79,29671.64,Net 45,2
TX0036,VN020,Johnson Inc,2024-11-27,P077,148,280.16,41463.68,COD,3
TX0037,VN019,Perkins-Robinson,2025-01-04,P084,134,41.89,5613.26,COD,7
TX0038,VN007,Watson Ltd,2024-11-17,P065,185,33.74,6241.9,Net 15,8
TX0039,VN020,Johnson Inc,2025-04-16,P008,100,17.71,1771,Net 45,8
TX0040,VN015,Moore PLC,2024-09-29,P082,29,64.22,1862.38,COD,5
TX0041,VN009,Maddox Group,2025-04-04,P073,57,136.08,7756.56,COD,2
TX0042,VN004,"Drake, Perez and Murphy",2024-10-24,P027,188,289.7,54463.6,Net 45,8
TX0043,VN012,George-Taylor,2024-12-01,P007,45,59.75,2688.75,Net 30,2
TX0044,VN015,Moore PLC,2025-02-22,P050,36,191.1,6879.6,Net 30,3
TX0045,VN009,Maddox Group,2024-09-18,P081,128,134.47,17212.16,Net 15,3
TX0046,VN005,Carr-Smith,2024-08-31,P036,90,170.35,15331.5,Net 30,5
TX0047,VN003,"Stanley, Buchanan and Walter",2024-08-28,P004,192,233.23,44780.16,Net 45,8
TX0048,VN008,"Carey, Shaw and Mahoney",2024-09-15,P087,50,189.84,9492,Net 15,3
TX0049,VN013,Townsend Inc,2024-09-18,P018,78,235.14,18340.92,Net 15,6
TX0050,VN018,Ferrell-Hayes,2024-11-24,P030,59,179.01,10561.59,Net 30,9
TX0051,VN019,Perkins-Robinson,2024-10-23,P042,15,136.09,2041.35,Net 15,10
TX0052,VN009,Maddox Group,2024-08-16,P009,76,178.61,13574.36,Net 45,2
TX0053,VN003,"Stanley, Buchanan and Walter",2024-10-30,P033,59,135.9,8018.1,Net 30,5
TX0054,VN002,"Berger, Woods and Lloyd",2024-09-15,P068,143,296.9,42456.7,COD,6
TX0055,VN012,George-Taylor,2025-01-18,P073,30,123.27,3698.1,Net 45,7
TX0056,VN017,Ball-Wood,2024-11-24,P034,73,7.55,551.15,Net 30,3
TX0057,VN010,"Cruz, Robertson and Thomas",2025-06-19,P042,81,121.68,9856.08,Net 30,5
TX0058,VN007,Watson Ltd,2024-08-07,P074,54,197.63,10672.02,Net 45,9
TX0059,VN018,Ferrell-Hayes,2024-07-09,P038,176,107.15,18858.4,Net 45,3
TX0060,VN005,Carr-Smith,2025-02-19,P023,88,63.16,5558.08,Net 30,1
TX0061,VN011,Cook Inc,2024-07-19,P023,89,69.12,6151.68,COD,1
TX0062,VN006,Morales LLC,2025-06-28,P069,33,130.03,4290.99,Net 30,7
TX0063,VN014,"Evans, Simmons and Johnson",2025-02-14,P017,145,147.46,21381.7,Net 45,10
TX0064,VN016,Torres-Allen,2024-10-21,P058,104,166.63,17329.52,COD,10
TX0065,VN016,Torres-Allen,2024-09-26,P031,195,107.73,21007.35,Net 30,7
TX0066,VN012,George-Taylor,2024-07-08,P005,45,108.65,4889.25,COD,6
TX0067,VN017,Ball-Wood,2024-09-25,P059,37,354.51,13116.87,Net 15,1
TX0068,VN003,"Stanley, Buchanan and Walter",2024-09-06,P057,71,231.03,16403.13,Net 45,2
TX0069,VN015,Moore PLC,2025-05-21,P044,81,241.88,19592.28,COD,4
TX0070,VN013,Townsend Inc,2024-07-26,P037,91,201.54,18340.14,Net 15,6
TX0071,VN010,"Cruz, Robertson and Thomas",2025-04-23,P063,73,35.06,2559.38,Net 15,9
TX0072,VN012,George-Taylor,2025-01-20,P002,62,290.15,17989.3,Net 30,9
TX0073,VN003,"Stanley, Buchanan and Walter",2025-06-16,P095,144,89.1,12830.4,Net 15,6
TX0074,VN019,Perkins-Robinson,2025-02-13,P093,145,210.13,30468.85,COD,7
TX0075,VN007,Watson Ltd,2024-08-29,P043,179,346.6,62041.4,Net 45,4
TX0076,VN005,Carr-Smith,2024-12-05,P017,24,126.24,3029.76,Net 15,1
TX0077,VN016,Torres-Allen,2024-12-11,P001,18,196.45,3536.1,Net 30,9
TX0078,VN007,Watson Ltd,2024-10-01,P064,170,167.61,28493.7,Net 45,8
TX0079,VN014,"Evans, Simmons and Johnson",2025-02-22,P032,194,139.77,27115.38,Net 15,4
TX0080,VN002,"Berger, Woods and Lloyd",2024-10-30,P066,91,124.61,11339.51,Net 30,6
TX0081,VN013,Townsend Inc,2025-03-21,P042,130,139.02,18072.6,Net 45,6
TX0082,VN018,Ferrell-Hayes,2025-07-01,P006,51,196.32,10012.32,Net 15,7
TX0083,VN002,"Berger, Woods and Lloyd",2025-03-06,P074,171,182.82,31262.22,COD,2
TX0084,VN004,"Drake, Perez and Murphy",2025-03-27,P039,144,271.23,39057.12,Net 30,1
TX0085,VN002,"Berger, Woods and Lloyd",2025-02-05,P065,171,32.81,5610.51,Net 30,2
TX0086,VN004,"Drake, Perez and Murphy",2025-07-05,P072,34,155.07,5272.38,Net 15,5
TX0087,VN015,Moore PLC,2025-01-31,P088,176,214.49,37750.24,Net 15,6
TX0088,VN009,Maddox Group,2025-03-12,P001,158,228.71,36136.18,Net 45,10
TX0089,VN013,Townsend Inc,2024-09-12,P015,166,228.78,37977.48,COD,4
TX0090,VN016,Torres-Allen,2025-04-05,P060,181,100.93,18268.33,Net 15,2
TX0091,VN004,"Drake, Perez and Murphy",2024-10-12,P067,175,82.78,14486.5,Net 30,10
TX0092,VN012,George-Taylor,2025-02-27,P009,134,169.4,22699.6,COD,3
TX0093,VN002,"Berger, Woods and Lloyd",2024-11-17,P025,138,113.39,15647.82,Net 30,1
TX0094,VN002,"Berger, Woods and Lloyd",2024-08-15,P061,47,304.63,14317.61,COD,1
TX0095,VN020,Johnson Inc,2024-09-19,P087,63,190.11,11976.93,Net 45,7
TX0096,VN010,"Cruz, Robertson and Thomas",2024-12-20,P021,5,182.32,911.6,Net 30,1
TX0097,VN009,Maddox Group,2025-02-11,P045,145,102.31,14834.95,Net 15,5
TX0098,VN006,Morales LLC,2025-04-06,P090,137,97.37,13339.69,Net 15,6
TX0099,VN011,Cook Inc,2024-08-05,P032,141,132.55,18689.55,Net 45,2
TX0100,VN015,Moore PLC,2025-03-07,P037,124,279.43,34649.32,Net 15,9
TX0101,VN018,Ferrell-Hayes,2024-08-19,P067,96,87.59,8408.64,COD,3
TX0102,VN002,"Berger, Woods and Lloyd",2024-12-21,P004,191,284.91,54417.81,Net 45,4
TX0103,VN015,Moore PLC,2024-07-23,P066,55,143.12,7871.6,Net 45,6
TX0104,VN018,Ferrell-Hayes,2025-06-19,P067,193,84,16212,Net 45,8
TX0105,VN004,"Drake, Perez and Murphy",2024-09-23,P071,85,136.58,11609.3,Net 15,3
TX0106,VN020,Johnson Inc,2024-08-15,P014,75,181.27,13595.25,Net 30,8
TX0107,VN005,Carr-Smith,2025-05-14,P049,128,278.06,35591.68,Net 15,7
TX0108,VN001,"Molina, Wang and Woodard",2024-11-21,P015,120,246.63,29595.6,Net 30,5
TX0109,VN007,Watson Ltd,2025-04-23,P062,190,65.53,12450.7,Net 30,7
TX0110,VN008,"Carey, Shaw and Mahoney",2024-09-13,P059,89,359.19,31967.91,Net 30,7
TX0111,VN018,Ferrell-Hayes,2024-12-04,P086,131,22.25,2914.75,COD,7
TX0112,VN018,Ferrell-Hayes,2024-10-10,P095,74,116.96,8655.04,Net 30,3
TX0113,VN011,Cook Inc,2024-10-12,P028,91,124.78,11354.98,Net 15,7
TX0114,VN006,Morales LLC,2024-12-17,P063,97,32.27,3130.19,Net 15,1
TX0115,VN016,Torres-Allen,2025-03-03,P017,136,158.56,21564.16,Net 15,2
TX0116,VN008,"Carey, Shaw and Mahoney",2024-11-10,P013,103,21.4,2204.2,Net 15,10
TX0117,VN012,George-Taylor,2024-12-26,P013,177,19.82,3508.14,Net 30,1
TX0118,VN004,"Drake, Perez and Murphy",2025-06-30,P047,199,222.46,44269.54,Net 30,7
TX0119,VN009,Maddox Group,2024-09-28,P039,180,285.73,51431.4,Net 45,9
TX0120,VN013,Townsend Inc,2025-06-17,P074,129,217.79,28094.91,Net 45,10
TX0121,VN015,Moore PLC,2024-07-09,P034,146,6.09,889.14,Net 30,4
TX0122,VN016,Torres-Allen,2024-12-03,P063,47,38.66,1817.02,Net 15,6
TX0123,VN010,"Cruz, Robertson and Thomas",2025-03-03,P016,104,148.11,15403.44,Net 30,3
TX0124,VN015,Moore PLC,2025-07-01,P084,170,37.25,6332.5,Net 15,6
TX0125,VN020,Johnson Inc,2024-11-20,P050,112,154.21,17271.52,COD,6
TX0126,VN012,George-Taylor,2025-06-15,P058,138,194.27,26809.26,Net 15,2
TX0127,VN020,Johnson Inc,2025-03-24,P044,71,254.89,18097.19,COD,10
TX0128,VN004,"Drake, Perez and Murphy",2024-12-01,P079,85,254.99,21674.15,Net 45,1
TX0129,VN013,Townsend Inc,2025-03-03,P016,52,144.78,7528.56,Net 15,3
TX0130,VN008,"Carey, Shaw and Mahoney",2025-02-12,P024,113,85.21,9628.73,Net 45,9
TX0131,VN002,"Berger, Woods and Lloyd",2024-07-07,P012,167,218.18,36436.06,COD,4
TX0132,VN019,Perkins-Robinson,2024-11-27,P007,182,56.14,10217.48,COD,3
TX0133,VN003,"Stanley, Buchanan and Walter",2025-02-06,P083,1,185.03,185.03,Net 15,6
TX0134,VN007,Watson Ltd,2024-08-10,P003,42,256.2,10760.4,COD,10
TX0135,VN006,Morales LLC,2025-04-14,P088,173,199.67,34542.91,Net 30,7
TX0136,VN013,Townsend Inc,2025-03-28,P087,4,139.29,557.16,Net 45,1
TX0137,VN002,"Berger, Woods and Lloyd",2025-05-14,P049,42,264.76,11119.92,Net 45,2
TX0138,VN001,"Molina, Wang and Woodard",2024-10-31,P051,62,51.8,3211.6,Net 30,3
TX0139,VN009,Maddox Group,2025-06-01,P028,29,132.36,3838.44,COD,5
TX0140,VN019,Perkins-Robinson,2024-12-28,P088,10,192.15,1921.5,Net 45,6
TX0141,VN009,Maddox Group,2024-07-08,P059,167,413.89,69119.63,Net 45,3
TX0142,VN004,"Drake, Perez and Murphy",2024-08-15,P097,199,260.67,51873.33,Net 45,7
TX0143,VN015,Moore PLC,2025-03-21,P089,178,317.55,56523.9,Net 45,10
TX0144,VN006,Morales LLC,2024-12-19,P010,164,191.26,31366.64,COD,9
TX0145,VN002,"Berger, Woods and Lloyd",2025-05-31,P034,72,8.5,612,Net 45,7
TX0146,VN010,"Cruz, Robertson and Thomas",2025-02-05,P068,12,360.18,4322.16,COD,7
TX0147,VN013,Townsend Inc,2025-02-11,P086,190,25.19,4786.1,Net 15,10
TX0148,VN018,Ferrell-Hayes,2025-05-06,P089,17,279.6,4753.2,COD,7
TX0149,VN001,"Molina, Wang and Woodard",2025-05-20,P096,76,146.02,11097.52,COD,8
TX0150,VN020,Johnson Inc,2025-06-15,P037,184,250.01,46001.84,Net 30,6
TX0151,VN001,"Molina, Wang and Woodard",2024-08-27,P064,77,174.68,13450.36,Net 30,6
TX0152,VN019,Perkins-Robinson,2025-05-17,P048,174,316.91,55142.34,Net 30,4
TX0153,VN003,"Stanley, Buchanan and Walter",2024-10-12,P025,147,80.28,11801.16,Net 45,2
TX0154,VN005,Carr-Smith,2024-09-15,P008,197,15.02,2958.94,Net 30,10
TX0155,VN001,"Molina, Wang and Woodard",2024-10-26,P050,170,146.27,24865.9,Net 15,5
TX0156,VN001,"Molina, Wang and Woodard",2024-08-30,P022,47,13.06,613.82,Net 15,10
TX0157,VN013,Townsend Inc,2025-02-22,P076,76,324.61,24670.36,COD,2
TX0158,VN010,"Cruz, Robertson and Thomas",2024-07-16,P010,129,165.31,21324.99,COD,7
TX0159,VN007,Watson Ltd,2024-12-27,P081,48,97.48,4679.04,Net 15,4
TX0160,VN011,Cook Inc,2024-11-29,P047,66,264.08,17429.28,Net 45,7
TX0161,VN010,"Cruz, Robertson and Thomas",2024-10-14,P036,150,136,20400,COD,9
TX0162,VN009,Maddox Group,2024-12-01,P092,13,178.64,2322.32,COD,8
TX0163,VN007,Watson Ltd,2024-12-10,P048,102,238.31,24307.62,Net 45,5
TX0164,VN002,"Berger, Woods and Lloyd",2024-12-12,P097,178,274.02,48775.56,Net 30,6
TX0165,VN010,"Cruz, Robertson and Thomas",2024-08-13,P057,63,235.23,14819.49,Net 45,1
TX0166,VN019,Perkins-Robinson,2025-05-31,P054,39,194.57,7588.23,Net 15,8
TX0167,VN012,George-Taylor,2025-04-13,P018,12,214.6,2575.2,Net 30,8
TX0168,VN020,Johnson Inc,2025-03-13,P097,47,208.46,9797.62,COD,6
TX0169,VN014,"Evans, Simmons and Johnson",2024-07-15,P022,159,16.39,2606.01,Net 30,4
TX0170,VN015,Moore PLC,2024-08-17,P046,128,58.27,7458.56,Net 30,10
TX0171,VN001,"Molina, Wang and Woodard",2024-11-20,P096,64,129.76,8304.64,Net 30,8
TX0172,VN016,Torres-Allen,2025-05-18,P048,165,314.4,51876,Net 45,5
TX0173,VN006,Morales LLC,2025-03-29,P071,195,147.75,28811.25,Net 45,6
TX0174,VN002,"Berger, Woods and Lloyd",2025-04-02,P006,102,175.54,17905.08,Net 30,8
TX0175,VN006,Morales LLC,2024-12-09,P041,24,216.2,5188.8,Net 15,7
TX0176,VN016,Torres-Allen,2024-12-17,P077,119,294.57,35053.83,COD,4
TX0177,VN012,George-Taylor,2024-10-05,P006,99,165.06,16340.94,Net 30,3
TX0178,VN016,Torres-Allen,2025-03-19,P033,59,104.92,6190.28,Net 30,9
TX0179,VN013,Townsend Inc,2024-09-30,P015,58,169.29,9818.82,Net 30,7
TX0180,VN007,Watson Ltd,2025-04-29,P023,104,51.37,5342.48,Net 15,10
TX0181,VN015,Moore PLC,2024-07-22,P019,118,41.93,4947.74,Net 45,6
TX0182,VN020,Johnson Inc,2024-10-23,P058,69,187.59,12943.71,COD,5
TX0183,VN011,Cook Inc,2024-11-20,P081,156,98.09,15302.04,COD,7
TX0184,VN009,Maddox Group,2024-11-20,P028,48,142.05,6818.4,Net 15,3
TX0185,VN014,"Evans, Simmons and Johnson",2025-01-15,P095,94,114.33,10747.02,Net 45,1
TX0186,VN010,"Cruz, Robertson and Thomas",2025-05-30,P063,98,28.98,2840.04,Net 45,3
TX0187,VN007,Watson Ltd,2025-06-28,P097,200,272.75,54550,Net 15,2
TX0188,VN012,George-Taylor,2025-07-04,P043,113,395.78,44723.14,COD,6
TX0189,VN002,"Berger, Woods and Lloyd",2025-07-03,P009,47,195.07,9168.29,Net 15,4
TX0190,VN017,Ball-Wood,2025-01-06,P036,60,170.94,10256.4,COD,3
TX0191,VN018,Ferrell-Hayes,2024-07-07,P057,5,197.43,987.15,Net 30,3
TX0192,VN015,Moore PLC,2024-12-25,P025,94,96.24,9046.56,Net 45,5
TX0193,VN009,Maddox Group,2025-07-06,P077,186,300.7,55930.2,Net 30,2
TX0194,VN005,Carr-Smith,2025-03-20,P097,166,203.47,33776.02,Net 15,8
TX0195,VN011,Cook Inc,2024-11-01,P012,112,218.69,24493.28,Net 15,1
TX0196,VN018,Ferrell-Hayes,2024-12-17,P047,150,242.58,36387,Net 45,3
TX0197,VN017,Ball-Wood,2025-06-21,P094,101,169.53,17122.53,COD,2
TX0198,VN010,"Cruz, Robertson and Thomas",2025-02-09,P067,34,75.04,2551.36,COD,1
TX0199,VN003,"Stanley, Buchanan and Walter",2024-09-21,P072,4,140.05,560.2,Net 45,9
TX0200,VN005,Carr-Smith,2025-01-10,P010,58,171.07,9922.06,Net 45,5
TX0201,VN014,"Evans, Simmons and Johnson",2025-03-17,P020,47,341.13,16033.11,Net 30,9
TX0202,VN015,Moore PLC,2025-06-30,P069,151,136.65,20634.15,Net 45,6
TX0203,VN012,George-Taylor,2025-03-11,P072,5,116.43,582.15,Net 45,1
TX0204,VN019,Perkins-Robinson,2024-09-01,P071,188,185.68,34907.84,Net 15,8
TX0205,VN001,"Molina, Wang and Woodard",2025-04-05,P034,121,8.56,1035.76,Net 45,1
TX0206,VN007,Watson Ltd,2024-11-12,P065,200,40.35,8070,COD,2
TX0207,VN004,"Drake, Perez and Murphy",2025-01-14,P082,195,52.62,10260.9,Net 45,6
TX0208,VN002,"Berger, Woods and Lloyd",2025-02-26,P047,69,224.36,15480.84,COD,8
TX0209,VN007,Watson Ltd,2025-01-03,P044,189,205.55,38848.95,Net 45,3
TX0210,VN019,Perkins-Robinson,2025-03-29,P004,6,258,1548,Net 30,8
TX0211,VN001,"Molina, Wang and Woodard",2025-03-10,P011,140,90.09,12612.6,Net 15,5
TX0212,VN006,Morales LLC,2024-09-30,P069,146,174.28,25444.88,Net 30,9
TX0213,VN006,Morales LLC,2025-06-11,P066,184,155.13,28543.92,Net 15,9
TX0214,VN009,Maddox Group,2025-01-21,P026,151,299.55,45232.05,Net 45,6
TX0215,VN012,George-Taylor,2025-05-07,P043,33,415.13,13699.29,COD,8
TX0216,VN014,"Evans, Simmons and Johnson",2025-06-01,P001,105,259.98,27297.9,Net 15,8
TX0217,VN014,"Evans, Simmons and Johnson",2025-03-11,P074,43,192.44,8274.92,Net 30,8
TX0218,VN015,Moore PLC,2025-05-03,P012,145,204,29580,Net 45,6
TX0219,VN003,"Stanley, Buchanan and Walter",2024-12-12,P059,45,289.75,13038.75,Net 15,2
TX0220,VN014,"Evans, Simmons and Johnson",2025-06-22,P040,137,170.86,23407.82,Net 30,10
TX0221,VN018,Ferrell-Hayes,2025-01-30,P015,192,185.63,35640.96,COD,9
TX0222,VN007,Watson Ltd,2025-05-03,P053,5,168.25,841.25,Net 45,8
TX0223,VN010,"Cruz, Robertson and Thomas",2025-03-03,P021,38,166.22,6316.36,Net 15,4
TX0224,VN005,Carr-Smith,2024-10-16,P021,104,164.89,17148.56,Net 30,10
TX0225,VN011,Cook Inc,2025-06-06,P075,192,66.08,12687.36,Net 45,9
TX0226,VN003,"Stanley, Buchanan and Walter",2025-01-13,P086,100,22.66,2266,Net 15,2
TX0227,VN006,Morales LLC,2024-11-25,P016,97,172.7,16751.9,Net 45,7
TX0228,VN018,Ferrell-Hayes,2024-11-30,P020,84,366.23,30763.32,Net 15,5
TX0229,VN008,"Carey, Shaw and Mahoney",2024-09-03,P045,179,114.78,20545.62,COD,2
TX0230,VN011,Cook Inc,2024-10-04,P034,111,6.93,769.23,Net 30,4
TX0231,VN014,"Evans, Simmons and Johnson",2024-10-20,P091,188,21.72,4083.36,Net 45,5
TX0232,VN012,George-Taylor,2024-08-06,P016,98,157.66,15450.68,Net 30,9
TX0233,VN004,"Drake, Perez and Murphy",2024-07-29,P082,76,54.9,4172.4,COD,10
TX0234,VN003,"Stanley, Buchanan and Walter",2025-02-13,P008,75,15.82,1186.5,Net 15,7
TX0235,VN010,"Cruz, Robertson and Thomas",2024-12-02,P078,13,118.87,1545.31,COD,9
TX0236,VN020,Johnson Inc,2025-05-02,P092,123,237.64,29229.72,Net 15,9
TX0237,VN014,"Evans, Simmons and Johnson",2025-04-19,P030,68,168.67,11469.56,Net 30,8
TX0238,VN004,"Drake, Perez and Murphy",2025-06-14,P093,198,178.25,35293.5,Net 15,10
TX0239,VN013,Townsend Inc,2025-02-01,P050,198,198.83,39368.34,Net 15,10
TX0240,VN011,Cook Inc,2025-05-22,P016,6,179.2,1075.2,COD,2
TX0241,VN002,"Berger, Woods and Lloyd",2024-08-27,P014,106,237.58,25183.48,Net 45,10
TX0242,VN007,Watson Ltd,2024-07-13,P098,43,344.88,14829.84,Net 30,8
TX0243,VN009,Maddox Group,2025-03-26,P097,63,212.98,13417.74,COD,3
TX0244,VN016,Torres-Allen,2025-01-26,P002,144,383.89,55280.16,Net 45,4
TX0245,VN019,Perkins-Robinson,2025-02-03,P016,1,169.29,169.29,Net 30,10
TX0246,VN016,Torres-Allen,2025-04-22,P012,62,207.8,12883.6,Net 45,10
TX0247,VN001,"Molina, Wang and Woodard",2024-07-29,P076,89,382.73,34062.97,Net 45,1
TX0248,VN004,"Drake, Perez and Murphy",2024-09-02,P094,73,231.91,16929.43,COD,7
TX0249,VN017,Ball-Wood,2025-01-23,P051,108,63.38,6845.04,Net 30,8
TX0250,VN011,Cook Inc,2024-12-02,P043,26,370.42,9630.92,COD,1
TX0251,VN013,Townsend Inc,2025-02-26,P069,141,144.07,20313.87,Net 45,4
TX0252,VN007,Watson Ltd,2024-09-21,P019,95,36.4,3458,COD,9
TX0253,VN010,"Cruz, Robertson and Thomas",2025-03-13,P059,163,375.74,61245.62,Net 15,4
TX0254,VN010,"Cruz, Robertson and Thomas",2024-12-29,P012,90,212.29,19106.1,COD,4
TX0255,VN019,Perkins-Robinson,2025-04-04,P049,52,231.77,12052.04,Net 45,9
TX0256,VN002,"Berger, Woods and Lloyd",2024-07-11,P079,49,263.13,12893.37,Net 45,7
TX0257,VN014,"Evans, Simmons and Johnson",2024-08-07,P048,192,294.2,56486.4,Net 30,9
TX0258,VN001,"Molina, Wang and Woodard",2024-08-13,P076,160,317.03,50724.8,Net 30,3
TX0259,VN003,"Stanley, Buchanan and Walter",2025-04-21,P053,91,161.04,14654.64,Net 15,6
TX0260,VN010,"Cruz, Robertson and Thomas",2025-05-24,P068,62,312.61,19381.82,Net 45,3
TX0261,VN016,Torres-Allen,2024-09-13,P076,144,434.79,62609.76,Net 45,6
TX0262,VN017,Ball-Wood,2025-03-11,P026,98,220.24,21583.52,Net 30,9
TX0263,VN017,Ball-Wood,2025-03-24,P086,69,25.64,1769.16,Net 30,5
TX0264,VN015,Moore PLC,2024-10-13,P046,49,49.85,2442.65,COD,7
TX0265,VN017,Ball-Wood,2025-02-13,P003,12,276,3312,Net 30,9
TX0266,VN017,Ball-Wood,2025-02-02,P006,78,231.38,18047.64,Net 30,7
TX0267,VN006,Morales LLC,2024-09-02,P009,14,197.48,2764.72,COD,7
TX0268,VN004,"Drake, Perez and Murphy",2025-06-01,P056,91,74.31,6762.21,Net 30,3
TX0269,VN004,"Drake, Perez and Murphy",2024-09-29,P071,15,148.95,2234.25,Net 45,2
TX0270,VN019,Perkins-Robinson,2025-02-13,P069,13,174.87,2273.31,Net 45,8
TX0271,VN020,Johnson Inc,2025-02-04,P030,199,187.15,37242.85,Net 45,7
TX0272,VN005,Carr-Smith,2024-12-02,P013,60,19.99,1199.4,COD,2
TX0273,VN002,"Berger, Woods and Lloyd",2024-08-27,P011,165,99.61,16435.65,Net 45,5
TX0274,VN002,"Berger, Woods and Lloyd",2024-07-18,P004,150,288.78,43317,COD,2
TX0275,VN020,Johnson Inc,2025-06-20,P082,200,65.88,13176,COD,10
TX0276,VN016,Torres-Allen,2025-04-04,P094,120,194.29,23314.8,Net 45,9
TX0277,VN002,"Berger, Woods and Lloyd",2025-05-21,P057,197,197.82,38970.54,Net 30,6
TX0278,VN009,Maddox Group,2024-12-07,P038,126,128.92,16243.92,Net 30,10
TX0279,VN002,"Berger, Woods and Lloyd",2024-07-25,P024,64,89.43,5723.52,Net 30,8
TX0280,VN018,Ferrell-Hayes,2025-05-26,P013,197,27.46,5409.62,Net 15,7
TX0281,VN006,Morales LLC,2024-11-19,P014,130,205.56,26722.8,Net 15,3
TX0282,VN014,"Evans, Simmons and Johnson",2025-04-05,P066,49,148.73,7287.77,Net 30,5
TX0283,VN005,Carr-Smith,2024-10-19,P096,200,142.71,28542,Net 15,1
TX0284,VN001,"Molina, Wang and Woodard",2025-05-18,P031,140,106.54,14915.6,Net 45,7
TX0285,VN003,"Stanley, Buchanan and Walter",2024-10-26,P055,161,56.98,9173.78,Net 45,4
TX0286,VN020,Johnson Inc,2025-03-21,P021,4,173.55,694.2,COD,2
TX0287,VN013,Townsend Inc,2024-07-22,P075,177,49.1,8690.7,Net 45,9
TX0288,VN006,Morales LLC,2024-09-28,P096,195,111.32,21707.4,Net 30,9
TX0289,VN011,Cook Inc,2025-04-04,P080,73,144.74,10566.02,COD,10
TX0290,VN015,Moore PLC,2024-09-26,P033,164,113.93,18684.52,Net 30,1
TX0291,VN009,Maddox Group,2024-09-05,P048,48,224.1,10756.8,Net 15,6
TX0292,VN006,Morales LLC,2025-01-01,P089,76,239.41,18195.16,Net 45,1
TX0293,VN008,"Carey, Shaw and Mahoney",2024-08-29,P042,75,108.49,8136.75,Net 30,8
TX0294,VN001,"Molina, Wang and Woodard",2024-09-27,P072,74,149.72,11079.28,Net 30,3
TX0295,VN016,Torres-Allen,2025-05-16,P056,93,82.98,7717.14,COD,9
TX0296,VN014,"Evans, Simmons and Johnson",2025-02-24,P013,2,19.93,39.86,Net 45,7
TX0297,VN016,Torres-Allen,2025-01-21,P084,43,52.52,2258.36,Net 45,2
TX0298,VN012,George-Taylor,2024-10-29,P044,90,225.89,20330.1,Net 45,10
TX0299,VN020,Johnson Inc,2025-02-23,P069,32,132.56,4241.92,COD,5
TX0300,VN013,Townsend Inc,2025-03-08,P094,95,192.48,18285.6,Net 45,1
TX0301,VN018,Ferrell-Hayes,2025-05-12,P062,52,66.11,3437.72,Net 15,9
TX0302,VN017,Ball-Wood,2025-01-24,P001,158,237.35,37501.3,COD,9
TX0303,VN008,"Carey, Shaw and Mahoney",2024-10-22,P100,163,67.77,11046.51,Net 45,5
TX0304,VN005,Carr-Smith,2025-05-17,P042,133,159.5,21213.5,COD,9
TX0305,VN008,"Carey, Shaw and Mahoney",2025-03-04,P086,22,20.26,445.72,Net 30,10
TX0306,VN014,"Evans, Simmons and Johnson",2024-09-04,P095,102,80.97,8258.94,Net 45,7
TX0307,VN013,Townsend Inc,2025-06-01,P060,175,87.9,15382.5,COD,3
TX0308,VN019,Perkins-Robinson,2025-02-18,P034,166,6.53,1083.98,COD,2
TX0309,VN011,Cook Inc,2025-05-23,P070,108,300.7,32475.6,COD,4
TX0310,VN007,Watson Ltd,2024-10-17,P040,167,159.29,26601.43,Net 30,10
TX0311,VN020,Johnson Inc,2024-09-20,P027,154,260.02,40043.08,Net 45,1
TX0312,VN003,"Stanley, Buchanan and Walter",2025-02-16,P081,168,129.31,21724.08,Net 45,8
TX0313,VN007,Watson Ltd,2025-04-17,P095,117,110.59,12939.03,Net 30,1
TX0314,VN017,Ball-Wood,2025-03-07,P072,105,118.3,12421.5,COD,2
TX0315,VN012,George-Taylor,2025-05-14,P048,1,274.28,274.28,Net 30,1
TX0316,VN020,Johnson Inc,2025-05-17,P083,67,193.8,12984.6,Net 30,6
TX0317,VN013,Townsend Inc,2024-12-02,P058,190,170.79,32450.1,Net 30,5
TX0318,VN006,Morales LLC,2025-06-06,P100,31,71.58,2218.98,Net 30,3
TX0319,VN017,Ball-Wood,2025-05-11,P069,125,140.5,17562.5,Net 30,4
TX0320,VN011,Cook Inc,2025-07-07,P072,130,138.22,17968.6,Net 15,9
TX0321,VN012,George-Taylor,2024-10-20,P093,75,251.91,18893.25,Net 30,1
TX0322,VN015,Moore PLC,2024-11-16,P095,105,87.94,9233.7,Net 45,5
TX0323,VN019,Perkins-Robinson,2024-08-20,P086,30,21.35,640.5,Net 45,8
TX0324,VN005,Carr-Smith,2025-06-24,P081,167,97.69,16314.23,Net 45,10
TX0325,VN005,Carr-Smith,2025-03-22,P012,65,202.87,13186.55,Net 30,7
TX0326,VN012,George-Taylor,2025-02-14,P043,41,317.39,13012.99,Net 30,4
TX0327,VN008,"Carey, Shaw and Mahoney",2024-09-28,P050,36,204.04,7345.44,Net 30,6
TX0328,VN006,Morales LLC,2024-12-03,P066,11,158.54,1743.94,Net 30,3
TX0329,VN015,Moore PLC,2025-06-20,P013,127,23.58,2994.66,Net 45,7
TX0330,VN015,Moore PLC,2024-12-10,P077,192,319.69,61380.48,Net 15,9
TX0331,VN018,Ferrell-Hayes,2025-02-20,P076,109,378.64,41271.76,COD,6
TX0332,VN012,George-Taylor,2024-11-13,P040,105,139.14,14609.7,Net 30,3
TX0333,VN013,Townsend Inc,2025-02-09,P051,64,58.76,3760.64,COD,2
TX0334,VN002,"Berger, Woods and Lloyd",2024-08-25,P084,171,47.22,8074.62,Net 45,10
TX0335,VN001,"Molina, Wang and Woodard",2025-03-03,P100,161,76.21,12269.81,COD,4
TX0336,VN018,Ferrell-Hayes,2024-10-10,P034,27,8,216,Net 30,4
TX0337,VN017,Ball-Wood,2024-09-28,P013,159,20.62,3278.58,COD,10
TX0338,VN012,George-Taylor,2024-11-14,P059,135,332.94,44946.9,Net 30,4
TX0339,VN001,"Molina, Wang and Woodard",2025-06-18,P073,36,110.97,3994.92,Net 30,1
TX0340,VN006,Morales LLC,2024-10-17,P062,116,73.86,8567.76,Net 15,7
TX0341,VN014,"Evans, Simmons and Johnson",2024-10-17,P096,113,105.4,11910.2,Net 30,3
TX0342,VN004,"Drake, Perez and Murphy",2025-05-15,P024,153,122.65,18765.45,COD,7
TX0343,VN007,Watson Ltd,2024-11-20,P001,155,204.7,31728.5,Net 45,4
TX0344,VN020,Johnson Inc,2025-05-18,P049,24,288.1,6914.4,Net 15,5
TX0345,VN003,"Stanley, Buchanan and Walter",2025-01-04,P024,112,104.4,11692.8,COD,3
TX0346,VN020,Johnson Inc,2025-02-25,P025,174,101.52,17664.48,Net 15,9
TX0347,VN006,Morales LLC,2024-12-27,P011,183,97.86,17908.38,COD,7
TX0348,VN004,"Drake, Perez and Murphy",2025-01-25,P007,83,62.3,5170.9,Net 30,4
TX0349,VN002,"Berger, Woods and Lloyd",2024-08-07,P024,188,82.18,15449.84,Net 30,6
TX0350,VN017,Ball-Wood,2024-08-18,P013,149,19.96,2974.04,Net 15,10
TX0351,VN016,Torres-Allen,2024-09-07,P067,91,66.82,6080.62,COD,3
TX0352,VN018,Ferrell-Hayes,2024-12-12,P008,115,20.92,2405.8,Net 15,6
TX0353,VN018,Ferrell-Hayes,2024-12-27,P061,134,315.94,42335.96,Net 30,7
TX0354,VN017,Ball-Wood,2024-07-29,P049,64,315.19,20172.16,Net 30,2
TX0355,VN002,"Berger, Woods and Lloyd",2024-10-21,P080,81,151.56,12276.36,Net 15,8
TX0356,VN004,"Drake, Perez and Murphy",2024-07-16,P016,9,167.05,1503.45,Net 30,2
TX0357,VN003,"Stanley, Buchanan and Walter",2025-01-24,P062,93,76.86,7147.98,Net 15,4
TX0358,VN004,"Drake, Perez and Murphy",2025-01-20,P074,167,154.51,25803.17,Net 45,7
TX0359,VN013,Townsend Inc,2024-09-17,P057,7,222.05,1554.35,Net 30,1
TX0360,VN020,Johnson Inc,2025-01-30,P100,179,62.35,11160.65,Net 30,6
TX0361,VN020,Johnson Inc,2024-08-24,P086,135,17.6,2376,COD,10
TX0362,VN009,Maddox Group,2025-02-14,P089,149,323.59,48214.91,COD,7
TX0363,VN006,Morales LLC,2025-06-21,P068,95,271.39,25782.05,Net 45,5
TX0364,VN004,"Drake, Perez and Murphy",2024-08-28,P020,10,383.26,3832.6,Net 15,3
TX0365,VN006,Morales LLC,2025-04-15,P018,41,284.18,11651.38,Net 45,7
TX0366,VN006,Morales LLC,2024-07-27,P013,98,24.01,2352.98,Net 45,9
TX0367,VN011,Cook Inc,2025-06-26,P037,33,194.72,6425.76,Net 15,9
TX0368,VN002,"Berger, Woods and Lloyd",2025-05-16,P079,181,233.1,42191.1,Net 15,9
TX0369,VN015,Moore PLC,2024-09-04,P019,154,35.92,5531.68,Net 45,9
TX0370,VN020,Johnson Inc,2024-07-11,P088,152,244.92,37227.84,COD,9
TX0371,VN013,Townsend Inc,2024-12-13,P011,182,111.43,20280.26,Net 45,2
TX0372,VN002,"Berger, Woods and Lloyd",2025-05-12,P033,189,108.88,20578.32,Net 15,9
TX0373,VN009,Maddox Group,2025-06-18,P059,27,308.94,8341.38,Net 45,7
TX0374,VN014,"Evans, Simmons and Johnson",2025-03-09,P091,54,18.04,974.16,Net 45,7
TX0375,VN008,"Carey, Shaw and Mahoney",2025-02-07,P013,71,20.25,1437.75,Net 45,2
TX0376,VN012,George-Taylor,2025-02-05,P001,121,262.76,31793.96,Net 45,7
TX0377,VN016,Torres-Allen,2024-07-11,P097,82,247.71,20312.22,Net 45,10
TX0378,VN009,Maddox Group,2025-03-21,P038,128,92.75,11872,Net 45,3
TX0379,VN020,Johnson Inc,2024-09-27,P046,119,43.97,5232.43,Net 30,3
TX0380,VN010,"Cruz, Robertson and Thomas",2024-09-28,P064,99,162.5,16087.5,Net 45,8
TX0381,VN016,Torres-Allen,2024-09-21,P029,191,264.51,50521.41,Net 30,3
TX0382,VN013,Townsend Inc,2024-12-28,P055,124,79.71,9884.04,Net 15,6
TX0383,VN019,Perkins-Robinson,2024-12-27,P030,27,167.95,4534.65,COD,2
TX0384,VN016,Torres-Allen,2024-08-25,P014,29,222.86,6462.94,Net 15,4
TX0385,VN020,Johnson Inc,2024-09-03,P002,165,362.31,59781.15,Net 45,6
TX0386,VN002,"Berger, Woods and Lloyd",2025-05-08,P085,7,85.65,599.55,Net 15,2
TX0387,VN015,Moore PLC,2024-09-19,P033,24,98.43,2362.32,Net 45,4
TX0388,VN001,"Molina, Wang and Woodard",2024-10-23,P012,30,223.08,6692.4,Net 45,2
TX0389,VN010,"Cruz, Robertson and Thomas",2024-09-04,P042,63,109.44,6894.72,Net 15,7
TX0390,VN019,Perkins-Robinson,2025-04-11,P003,123,276.95,34064.85,Net 30,5
TX0391,VN016,Torres-Allen,2024-08-15,P088,15,246.79,3701.85,Net 15,8
TX0392,VN010,"Cruz, Robertson and Thomas",2025-04-05,P010,43,168,7224,Net 15,1
TX0393,VN019,Perkins-Robinson,2024-10-05,P089,121,233.07,28201.47,Net 45,6
TX0394,VN002,"Berger, Woods and Lloyd",2025-02-03,P040,9,166.36,1497.24,Net 45,5
TX0395,VN009,Maddox Group,2025-01-08,P093,193,217.53,41983.29,Net 30,8
TX0396,VN008,"Carey, Shaw and Mahoney",2025-05-02,P034,99,8.02,793.98,Net 30,6
TX0397,VN009,Maddox Group,2024-11-05,P006,162,225.93,36600.66,Net 30,5
TX0398,VN005,Carr-Smith,2024-08-30,P087,7,193.27,1352.89,Net 30,10
TX0399,VN018,Ferrell-Hayes,2024-09-01,P005,70,126.54,8857.8,Net 45,1
TX0400,VN014,"Evans, Simmons and Johnson",2025-01-16,P045,142,113.67,16141.14,Net 45,7
TX0401,VN004,"Drake, Perez and Murphy",2025-01-27,P079,59,264.49,15604.91,Net 30,3
TX0402,VN009,Maddox Group,2024-12-10,P064,52,194.25,10101,Net 15,8
TX0403,VN007,Watson Ltd,2025-02-27,P079,117,208.62,24408.54,Net 15,2
TX0404,VN020,Johnson Inc,2024-08-07,P012,87,175.97,15309.39,COD,10
TX0405,VN013,Townsend Inc,2024-09-19,P022,106,15.22,1613.32,COD,5
TX0406,VN016,Torres-Allen,2025-02-05,P071,197,149.12,29376.64,Net 45,7
TX0407,VN014,"Evans, Simmons and Johnson",2025-06-29,P060,162,116.14,18814.68,Net 45,5
TX0408,VN007,Watson Ltd,2025-02-15,P060,78,95.37,7438.86,COD,1
TX0409,VN011,Cook Inc,2024-10-21,P034,151,6.85,1034.35,Net 15,6
TX0410,VN014,"Evans, Simmons and Johnson",2025-02-23,P084,37,50.25,1859.25,Net 30,8
TX0411,VN003,"Stanley, Buchanan and Walter",2025-05-19,P098,139,350.42,48708.38,Net 15,4
TX0412,VN003,"Stanley, Buchanan and Walter",2024-07-11,P015,42,176.23,7401.66,Net 45,7
TX0413,VN005,Carr-Smith,2025-05-26,P002,79,272.54,21530.66,Net 15,5
TX0414,VN008,"Carey, Shaw and Mahoney",2025-04-12,P008,42,14.56,611.52,Net 45,3
TX0415,VN018,Ferrell-Hayes,2025-03-02,P020,22,355.3,7816.6,Net 30,1
TX0416,VN020,Johnson Inc,2024-11-13,P040,149,151.49,22572.01,COD,10
TX0417,VN010,"Cruz, Robertson and Thomas",2025-06-23,P070,83,282.75,23468.25,Net 15,10
TX0418,VN013,Townsend Inc,2025-04-20,P027,187,359.79,67280.73,Net 30,8
TX0419,VN015,Moore PLC,2024-12-21,P084,95,44.8,4256,Net 45,7
TX0420,VN013,Townsend Inc,2025-06-18,P097,118,196.04,23132.72,Net 15,6
TX0421,VN005,Carr-Smith,2025-01-26,P089,166,267.23,44360.18,Net 30,3
TX0422,VN007,Watson Ltd,2024-12-27,P055,200,59.47,11894,Net 15,6
TX0423,VN007,Watson Ltd,2025-06-05,P002,179,394.69,70649.51,Net 30,4
TX0424,VN015,Moore PLC,2025-06-26,P099,116,290.87,33740.92,Net 15,3
TX0425,VN020,Johnson Inc,2025-06-13,P024,148,99.95,14792.6,Net 15,9
TX0426,VN019,Perkins-Robinson,2025-03-11,P070,150,240.65,36097.5,Net 15,10
TX0427,VN011,Cook Inc,2025-01-15,P091,161,18.55,2986.55,Net 15,4
TX0428,VN020,Johnson Inc,2025-05-21,P057,109,250.34,27287.06,Net 30,10
TX0429,VN004,"Drake, Perez and Murphy",2025-04-25,P017,122,117.13,14289.86,Net 45,9
TX0430,VN004,"Drake, Perez and Murphy",2025-02-13,P056,91,65.33,5945.03,Net 30,10
TX0431,VN008,"Carey, Shaw and Mahoney",2024-11-09,P035,18,161.92,2914.56,Net 45,8
TX0432,VN017,Ball-Wood,2025-05-10,P022,72,16.31,1174.32,Net 15,3
TX0433,VN018,Ferrell-Hayes,2025-03-28,P091,108,20.3,2192.4,Net 45,10
TX0434,VN008,"Carey, Shaw and Mahoney",2024-07-30,P002,50,390.68,19534,Net 30,3
TX0435,VN005,Carr-Smith,2025-03-11,P097,4,260.31,1041.24,Net 45,4
TX0436,VN011,Cook Inc,2024-10-05,P027,126,354.95,44723.7,Net 15,5
TX0437,VN010,"Cruz, Robertson and Thomas",2025-06-24,P094,6,168.04,1008.24,Net 45,2
TX0438,VN017,Ball-Wood,2024-09-09,P027,60,297.87,17872.2,Net 45,5
TX0439,VN010,"Cruz, Robertson and Thomas",2024-07-07,P055,41,56.55,2318.55,Net 15,7
TX0440,VN005,Carr-Smith,2025-07-07,P017,6,155.31,931.86,COD,2
TX0441,VN010,"Cruz, Robertson and Thomas",2025-05-29,P081,105,133.57,14024.85,COD,3
TX0442,VN014,"Evans, Simmons and Johnson",2025-07-04,P067,106,88.72,9404.32,Net 45,7
TX0443,VN008,"Carey, Shaw and Mahoney",2025-02-02,P096,130,114.36,14866.8,Net 15,8
TX0444,VN004,"Drake, Perez and Murphy",2025-06-02,P074,175,175.6,30730,Net 45,4
TX0445,VN013,Townsend Inc,2024-08-10,P007,110,53.13,5844.3,COD,8
TX0446,VN009,Maddox Group,2025-01-11,P064,105,211.88,22247.4,Net 15,10
TX0447,VN001,"Molina, Wang and Woodard",2024-08-18,P067,168,76.9,12919.2,Net 30,2
TX0448,VN013,Townsend Inc,2025-04-01,P095,187,90.42,16908.54,Net 30,9
TX0449,VN004,"Drake, Perez and Murphy",2024-10-16,P095,12,101.54,1218.48,Net 15,3
TX0450,VN006,Morales LLC,2024-08-10,P088,71,232.14,16481.94,COD,1
TX0451,VN002,"Berger, Woods and Lloyd",2024-10-09,P087,148,175.89,26031.72,COD,2
TX0452,VN001,"Molina, Wang and Woodard",2025-05-09,P040,106,174.99,18548.94,Net 45,6
TX0453,VN009,Maddox Group,2024-08-09,P049,82,285.84,23438.88,Net 15,5
TX0454,VN006,Morales LLC,2024-12-31,P031,27,145.87,3938.49,Net 45,8
TX0455,VN013,Townsend Inc,2024-07-17,P021,86,177.61,15274.46,Net 45,4
TX0456,VN010,"Cruz, Robertson and Thomas",2024-10-16,P047,130,223.36,29036.8,COD,2
TX0457,VN011,Cook Inc,2024-08-17,P023,59,48.36,2853.24,Net 45,9
TX0458,VN015,Moore PLC,2025-05-14,P061,42,259.11,10882.62,Net 45,2
TX0459,VN009,Maddox Group,2024-10-03,P084,32,47.63,1524.16,Net 30,3
TX0460,VN009,Maddox Group,2025-03-08,P002,97,301.96,29290.12,COD,10
TX0461,VN018,Ferrell-Hayes,2025-02-27,P070,160,251.15,40184,Net 30,10
TX0462,VN010,"Cruz, Robertson and Thomas",2024-09-14,P003,1,281.35,281.35,Net 15,10
TX0463,VN003,"Stanley, Buchanan and Walter",2025-01-31,P046,34,46.37,1576.58,COD,5
TX0464,VN012,George-Taylor,2025-03-06,P006,55,229.73,12635.15,COD,7
TX0465,VN008,"Carey, Shaw and Mahoney",2025-04-18,P047,65,295.06,19178.9,COD,7
TX0466,VN007,Watson Ltd,2025-04-23,P002,106,343.7,36432.2,Net 30,7
TX0467,VN002,"Berger, Woods and Lloyd",2025-03-31,P096,2,128.25,256.5,COD,1
TX0468,VN004,"Drake, Perez and Murphy",2024-07-16,P034,123,6.57,808.11,Net 45,9
TX0469,VN015,Moore PLC,2024-09-05,P094,195,202.12,39413.4,Net 15,9
TX0470,VN020,Johnson Inc,2024-12-13,P023,128,62.33,7978.24,Net 30,9
TX0471,VN016,Torres-Allen,2025-06-23,P056,70,78.17,5471.9,COD,4
TX0472,VN008,"Carey, Shaw and Mahoney",2025-04-15,P064,186,213.71,39750.06,Net 30,10
TX0473,VN014,"Evans, Simmons and Johnson",2024-09-07,P044,89,274.12,24396.68,Net 15,9
TX0474,VN002,"Berger, Woods and Lloyd",2024-11-21,P073,123,134.02,16484.46,Net 15,10
TX0475,VN011,Cook Inc,2024-08-19,P086,92,21.88,2012.96,Net 15,6
TX0476,VN007,Watson Ltd,2025-06-23,P059,10,348.24,3482.4,Net 30,7
TX0477,VN019,Perkins-Robinson,2025-01-16,P071,108,171.5,18522,COD,10
TX0478,VN009,Maddox Group,2025-05-01,P058,45,160.65,7229.25,Net 45,1
TX0479,VN016,Torres-Allen,2025-06-24,P079,82,203.29,16669.78,Net 30,5
TX0480,VN008,"Carey, Shaw and Mahoney",2024-11-14,P071,116,154.28,17896.48,Net 30,7
TX0481,VN017,Ball-Wood,2025-01-23,P004,25,225.48,5637,COD,3
TX0482,VN012,George-Taylor,2025-04-19,P076,92,409.1,37637.2,Net 15,8
TX0483,VN018,Ferrell-Hayes,2025-01-29,P071,84,145.88,12253.92,Net 30,5
TX0484,VN005,Carr-Smith,2025-06-07,P042,149,135.49,20188.01,Net 15,4
TX0485,VN013,Townsend Inc,2025-05-08,P003,193,244.15,47120.95,Net 15,9
TX0486,VN013,Townsend Inc,2025-07-04,P043,32,305.62,9779.84,Net 30,7
TX0487,VN011,Cook Inc,2025-06-02,P053,135,141.58,19113.3,Net 30,5
TX0488,VN004,"Drake, Perez and Murphy",2025-07-02,P045,75,109.42,8206.5,COD,6
TX0489,VN008,"Carey, Shaw and Mahoney",2025-07-03,P062,180,69.51,12511.8,Net 30,5
TX0490,VN012,George-Taylor,2025-02-24,P015,33,173.76,5734.08,Net 45,5
TX0491,VN002,"Berger, Woods and Lloyd",2025-01-27,P032,66,138.06,9111.96,COD,7
TX0492,VN012,George-Taylor,2024-11-27,P097,54,262.26,14162.04,Net 45,1
TX0493,VN012,George-Taylor,2025-03-13,P075,52,67.1,3489.2,Net 45,7
TX0494,VN009,Maddox Group,2024-11-26,P082,192,57.43,11026.56,Net 45,8
TX0495,VN007,Watson Ltd,2024-07-12,P077,41,322.91,13239.31,Net 15,8
TX0496,VN002,"Berger, Woods and Lloyd",2025-02-09,P096,48,114.65,5503.2,Net 45,8
TX0497,VN012,George-Taylor,2025-04-21,P040,108,189.36,20450.88,Net 45,1
TX0498,VN006,Morales LLC,2024-12-24,P081,55,117.3,6451.5,COD,7
TX0499,VN015,Moore PLC,2025-02-11,P006,25,189.11,4727.75,Net 15,9
TX0500,VN012,George-Taylor,2025-04-12,P006,98,194.2,19031.6,Net 45,2
